Fecha,Cliente,Ingreso,Tema
2015-01-19,J036,18.23,Precálculo
2015-01-22,J036,18.23,Física
2015-01-23,E013,14.58,Física
2015-01-26,M012,7.29,Estática
2015-01-26,J036,18.23,Cálculo
2015-01-27,C020,3.65,Diseño mecánico
2015-01-28,E013,7.29,Física
2015-01-29,J036,18.23,Precálculo
2015-01-30,M012,7.29,Estática
2015-01-30,F011,10.94,Cálculo
2015-01-30,S023,10.57,Cálculo
2015-01-31,G01,13.67,Álgebra lineal
2015-02-02,J036,18.23,Precálculo
2015-02-03,E013,10.94,Física
2015-02-05,N014,18.23,Física
2015-02-05,J036,18.23,Física
2015-02-07,M01,25.52,Cálculo
2015-02-07,C06,25.52,Cálculo
2015-02-08,C06,18.23,Álgebra lineal
2015-02-08,J054,14.58,Estática
2015-02-09,A026,14.58,Física
2015-02-09,J036,18.23,Física
2015-02-09,M01,13.67,Cálculo
2015-02-09,J041,29.16,Ec. Diferenciales
2015-02-10,J02,6.93,Cálculo
2015-02-10,V01,18.23,Precálculo
2015-02-10,L016,12.76,Precálculo
2015-02-11,A06,14.58,Física
2015-02-11,J024,19.68,Cálculo
2015-02-11,C03,12.39,Álgebra lineal
2015-02-11,C06,16.4,Álgebra lineal
2015-02-11,C09,10.94,Prob. Y Estadística
2015-02-11,E013,18.23,Física
2015-02-12,J046,13.49,Cálculo
2015-02-12,J02,10.94,Cálculo
2015-02-12,A04,9.11,Álgebra lineal
2015-02-16,J036,18.23,Precálculo
2015-02-17,D012,18.23,Álgebra lineal
2015-02-17,S06,18.23,Física
2015-02-17,C08,25.52,Física
2015-02-18,D018,21.87,Análisis numérico
2015-02-18,J02,31.89,Cálculo
2015-02-18,J010,14.58,Cálculo
2015-02-19,N04,25.52,Cálculo
2015-02-19,J036,18.23,Precálculo
2015-02-20,A06,25.52,Diseño mecánico
2015-02-20,R04,14.58,Cálculo
2015-02-20,C020,18.23,Diseño mecánico
2015-02-20,C023,12.76,Diseño mecánico
2015-02-21,L012,12.76,Resistencia materiales
2015-02-21,D014,10.94,Física
2015-02-21,J049,18.23,Ec. Diferenciales
2015-02-23,J049,9.11,Cálculo
2015-02-23,J036,18.23,Física
2015-02-23,M020,9.11,Cálculo
2015-02-24,D012,18.23,Álgebra lineal
2015-02-24,J041,43.74,Ec. Diferenciales
2015-02-24,J07,3.65,Ec. Diferenciales
2015-02-24,J02,16.4,Cálculo
2015-02-24,J014,18.23,Cálculo
2015-02-24,J027,18.23,Cálculo
2015-02-25,J019,5.47,Resistencia materiales
2015-02-25,L016,8.02,Precálculo
2015-02-26,N04,7.29,Cálculo
2015-02-26,J02,18.23,Cálculo
2015-02-26,W01,25.52,Termodinámica
2015-02-26,J019,7.29,Resistencia materiales
2015-02-26,E013,21.87,Física
2015-02-27,J010,25.52,Cálculo
2015-02-27,C022,14.58,Resistencia materiales
2015-02-27,J011,18.23,Precálculo
2015-03-02,L016,8.02,Precálculo
2015-03-02,J036,18.23,Precálculo
2015-03-02,C020,1.46,Mecanismos
2015-03-02,A06,12.76,Diseño mecánico
2015-03-03,C014,12.76,Ec. Diferenciales
2015-03-03,J053,12.76,Física
2015-03-03,J027,18.23,Cálculo
2015-03-03,M020,10.94,Cálculo
2015-03-04,J010,18.23,Cálculo
2015-03-04,J024,7.29,Cálculo
2015-03-04,L016,8.02,Precálculo
2015-03-05,D012,9.11,Álgebra lineal
2015-03-05,J034,9.11,Física
2015-03-05,L016,8.02,Precálculo
2015-03-05,J036,18.23,Física
2015-03-06,L017,27.34,Estática
2015-03-06,J055,13.67,Física
2015-03-06,D031,10.94,Física
2015-03-06,J011,18.23,Precálculo
2015-03-07,M028,18.23,Estática
2015-03-07,D019,18.23,Álgebra lineal
2015-03-09,J010,10.94,Cálculo
2015-03-09,J053,3.65,Física
2015-03-09,D031,10.94,Física
2015-03-09,S06,13.49,Física
2015-03-09,J036,18.23,Física
2015-03-09,C08,25.52,Física
2015-03-10,P07,8.38,Precálculo
2015-03-10,J02,25.52,Cálculo
2015-03-10,V01,18.23,Precálculo
2015-03-10,R04,29.16,Física
2015-03-10,S05,27.34,Estática
2015-03-10,L08,7.29,Termodinámica
2015-03-10,M020,7.29,Cálculo
2015-03-10,C020,7.29,Resistencia materiales
2015-03-11,C014,12.76,Termodinámica
2015-03-11,S07,25.52,Cálculo
2015-03-11,J024,9.11,Cálculo
2015-03-11,J011,18.23,Precálculo
2015-03-12,N04,7.29,Cálculo
2015-03-12,M015,9.11,Física
2015-03-12,S07,25.52,Cálculo
2015-03-12,M012,7.29,Estática
2015-03-14,F011,10.94,Cálculo
2015-03-16,J049,9.11,Cálculo
2015-03-16,J036,18.23,Física
2015-03-17,J012,18.23,Cálculo
2015-03-17,J02,7.29,Cálculo
2015-03-17,A018,7.29,Cálculo
2015-03-17,T01,0,Análisis numérico
2015-03-17,M020,9.11,Cálculo
2015-03-17,J016,14.58,Sist. Dinámicos
2015-03-18,J010,10.94,Cálculo
2015-03-18,J024,9.11,Cálculo
2015-03-18,M05,18.23,Cálculo
2015-03-18,C08,7.29,Física
2015-03-18,J041,58.32,Cálculo
2015-03-19,C09,12.76,Estática
2015-03-19,C09,12.76,Ec. Diferenciales
2015-03-20,J054,20.05,Estática
2015-03-20,J06,7.29,Álgebra lineal
2015-03-21,L022,18.23,Precálculo
2015-03-21,G05,18.23,Cálculo
2015-03-21,J011,18.23,Precálculo
2015-03-21,J06,10.94,Álgebra lineal
2015-03-24,A015,14.58,Física
2015-03-24,J054,12.76,Física
2015-03-24,C09,9.11,Ec. Diferenciales
2015-03-24,C020,3.65,Resistencia materiales
2015-03-24,A06,9.84,Física
2015-03-25,C014,9.11,Mecanismos
2015-03-25,J010,10.94,Cálculo
2015-03-25,S07,14.58,Cálculo
2015-03-25,J024,9.11,Cálculo
2015-03-25,L07,10.94,Cálculo
2015-03-25,M012,7.29,Estática
2015-03-26,J06,18.23,Álgebra lineal
2015-03-26,L016,8.75,Precálculo
2015-03-27,M028,18.23,Estática
2015-03-27,J02,18.23,Cálculo
2015-03-27,J011,18.23,Precálculo
2015-03-30,M012,21.87,Estática
2015-03-31,J010,18.23,Cálculo
2015-03-31,M028,14.58,Física
2015-03-31,M012,21.87,Estática
2015-04-01,J032,25.52,Física
2015-04-02,F08,18.23,Estática
2015-04-04,D015,16.4,Física
2015-04-04,J010,18.23,Cálculo
2015-04-06,J010,7.29,Cálculo
2015-04-06,J029,14.58,Física
2015-04-06,D027,5.47,Física
2015-04-06,J041,87.48,Cálculo
2015-04-07,M020,9.11,Cálculo
2015-04-07,J010,7.29,Cálculo
2015-04-07,C021,12.76,Física
2015-04-07,J054,10.94,Cálculo
2015-04-08,A06,40.1,Diseño mecánico
2015-04-08,L07,7.29,Cálculo
2015-04-08,C018,12.76,Cálculo
2015-04-08,J012,18.23,Cálculo
2015-04-08,L04,12.76,Cálculo
2015-04-08,J019,18.23,Ec. Diferenciales
2015-04-08,C020,7.29,Diseño mecánico
2015-04-09,J031,18.23,Ec. Diferenciales
2015-04-09,J053,29.16,Física
2015-04-09,J022,25.52,Estática
2015-04-09,L012,12.76,Resistencia materiales
2015-04-10,S011,18.23,Cálculo
2015-04-10,M024,43.74,Análisis numérico
2015-04-10,J011,18.23,Precálculo
2015-04-12,J041,18.23,Ec. Diferenciales
2015-04-13,J010,18.23,Cálculo
2015-04-13,J053,5.47,Física
2015-04-13,C010,18.23,Álgebra lineal
2015-04-14,S05,9.11,Estática
2015-04-14,M020,18.23,Cálculo
2015-04-14,C016,40.1,Diseño mecánico
2015-04-15,S07,18.23,Cálculo
2015-04-15,L016,7.29,Precálculo
2015-04-15,J024,7.29,Cálculo
2015-04-15,Á01,10.94,Física
2015-04-15,D09,14.58,Diseño mecánico
2015-04-15,C023,29.16,Diseño mecánico
2015-04-16,M027,14.58,Diseño mecánico
2015-04-16,J019,29.16,Resistencia materiales
2015-04-16,J016,25.52,Sist. Dinámicos
2015-04-17,N017,58.32,Diseño mecánico
2015-04-18,J041,43.74,Ec. Diferenciales
2015-04-20,J06,18.23,Álgebra lineal
2015-04-20,J036,18.23,Cálculo
2015-04-20,A06,12.76,Diseño mecánico
2015-04-21,A014,18.23,Física
2015-04-22,C022,12.76,Física
2015-04-22,F010,21.87,Prob. Y Estadística
2015-04-22,J055,18.23,Física
2015-04-22,J011,18.23,Precálculo
2015-04-23,J040,10.94,Cálculo
2015-04-23,C014,7.29,Ec. Diferenciales
2015-04-23,F010,7.29,Prob. Y Estadística
2015-04-23,S06,18.23,Física
2015-04-23,M024,36.45,Análisis numérico
2015-04-23,J055,18.23,Física
2015-04-24,J010,18.23,Cálculo
2015-04-25,E09,49.21,Estática
2015-04-27,J041,51.03,Cálculo
2015-04-27,S06,18.23,Física
2015-04-28,C014,5.47,Ec. Diferenciales
2015-04-28,S011,18.23,Física
2015-04-28,M030,14.58,Estática
2015-04-28,S011,20.05,Física
2015-04-29,J011,18.23,Precálculo
2015-04-29,S07,10.94,Cálculo
2015-04-30,J016,21.87,Sist. Dinámicos
2015-05-02,M030,13.12,Estática
2015-05-02,J062,18.23,Cálculo
2015-05-03,L022,14.58,Precálculo
2015-05-04,J06,18.23,Álgebra lineal
2015-05-04,S026,14.58,Cálculo
2015-05-04,R04,36.45,Cálculo
2015-05-04,J017,14.58,Cálculo
2015-05-05,M024,29.16,Ec. Diferenciales
2015-05-05,M017,18.23,Física
2015-05-05,L016,14.58,Precálculo
2015-05-06,J028,9.11,Cálculo
2015-05-06,L014,10.94,Física
2015-05-06,S04,9.11,Física
2015-05-06,S011,123.02,Cálculo
2015-05-07,J011,18.23,Precálculo
2015-05-08,S07,10.94,Cálculo
2015-05-09,A024,18.23,Estática
2015-05-09,J011,18.23,Física
2015-05-10,M010,18.23,Física
2015-05-11,S06,18.23,Física
2015-05-11,J062,9.11,Cálculo
2015-05-11,D013,14.58,Estática
2015-05-11,M030,10.94,Estática
2015-05-11,N018,9.11,Cálculo
2015-05-11,J011,29.16,Precálculo
2015-05-12,J010,21.87,Cálculo
2015-05-12,L016,7.29,Precálculo
2015-05-13,J041,43.74,Cálculo
2015-05-13,J062,18.23,Cálculo
2015-05-13,N018,10.94,Cálculo
2015-05-13,T03,18.23,Física
2015-05-14,A06,10.94,Física
2015-05-14,J062,18.23,Cálculo
2015-05-14,L012,18.23,Resistencia materiales
2015-05-14,J049,18.23,Cálculo
2015-05-15,A024,18.23,Estática
2015-05-15,T03,18.23,Física
2015-05-16,A024,18.23,Estática
2015-05-18,M024,32.81,Análisis numérico
2015-05-19,C023,18.23,Diseño mecánico
2015-05-19,J049,18.23,Ec. Diferenciales
2015-05-21,J019,10.94,Resistencia materiales
2015-05-22,M024,27.34,Análisis numérico
2015-05-25,G06,12.76,Ec. Diferenciales
2015-05-25,J06,18.23,Precálculo
2015-05-25,N04,10.94,Cálculo
2015-05-25,C016,25.52,Diseño mecánico
2015-05-25,L014,12.76,Física
2015-05-25,J052,1.82,Precálculo
2015-05-25,J053,14.58,Física
2015-05-25,J053,14.58,Diseño mecánico
2015-05-26,J010,18.23,Cálculo
2015-05-26,F06,14.58,Diseño mecánico
2015-05-26,S015,14.58,Cálculo
2015-05-26,N04,10.94,Cálculo
2015-05-26,S03,7.29,Física
2015-05-26,R04,36.45,Cálculo
2015-05-26,C021,12.76,Física
2015-05-27,N02,14.58,Cálculo
2015-05-27,F09,14.58,Física
2015-05-28,L010,18.23,Resistencia materiales
2015-05-28,M030,10.94,Estática
2015-05-28,C020,7.29,Diseño mecánico
2015-05-29,M028,18.23,Física
2015-05-29,E010,10.94,Cálculo
2015-05-30,J049,18.23,Cálculo
2015-05-30,J041,58.32,Cálculo
2015-06-01,L016,18.23,Precálculo
2015-06-02,M017,15.31,Física
2015-06-02,S05,32.81,Estática
2015-06-02,J08,14.58,Resistencia materiales
2015-06-03,M030,18.23,Estática
2015-06-04,S011,14.58,Ec. Diferenciales
2015-06-04,J044,18.23,Precálculo
2015-06-05,J018,14.58,Termodinámica
2015-06-06,G05,18.23,Cálculo
2015-06-10,J016,29.16,Sist. Dinámicos
2015-06-10,S011,29.16,Álgebra lineal
2015-06-11,D028,29.16,Cálculo
2015-06-12,S011,18.23,Precálculo
2015-06-12,S011,25.52,Cálculo
2015-06-12,J06,18.23,Cálculo
2015-06-16,S011,20.05,Estática
2015-06-16,D028,25.52,Cálculo
2015-06-18,Á01,12.76,Cálculo
2015-06-19,A020,14.58,Física
2015-06-22,S011,29.16,Cálculo
2015-06-22,N018,7.29,Cálculo
2015-06-23,S011,14.58,Álgebra lineal
2015-06-24,S011,18.23,Estática
2015-06-27,C023,18.23,Diseño mecánico
2015-06-27,C020,18.23,Diseño mecánico
2015-06-29,C023,3.65,Diseño mecánico
2015-06-29,C020,3.65,Diseño mecánico
2015-06-29,Á01,12.76,Cálculo
2015-06-29,T04,9.11,Excel
2015-06-29,J053,10.94,Física
2015-06-30,J06,9.11,Cálculo
2015-07-01,A020,14.58,Física
2015-07-05,J053,27.34,Física
2015-07-06,A09,14.58,Física
2015-07-06,L02,14.58,Cálculo
2015-07-06,S011,72.9,Cálculo
2015-07-07,S011,46.29,Cálculo
2015-07-07,J041,29.16,Cálculo
2015-07-08,S011,43.74,Física
2015-07-09,S07,27.34,Prob. Y Estadística
2015-07-09,M013,18.23,Precálculo
2015-07-10,M013,18.23,Precálculo
2015-07-12,C06,10.94,Diseño mecánico
2015-07-13,G07,14.58,Resistencia materiales
2015-07-14,S011,14.58,Álgebra lineal
2015-07-15,C020,18.23,Diseño mecánico
2015-07-15,S011,38.27,Cálculo
2015-07-16,S011,14.58,Cálculo
2015-07-16,C020,36.45,Diseño mecánico
2015-07-18,S011,37.18,Física
2015-07-21,S011,58.32,Física
2015-07-21,S011,36.45,Precálculo
2015-07-21,C020,10.94,Diseño mecánico
2015-07-22,C020,25.52,Diseño mecánico
2015-07-22,J019,18.23,Resistencia materiales
2015-07-26,M013,18.23,Precálculo
2015-07-27,C020,21.87,Diseño mecánico
2015-07-29,A019,14.58,Ec. Diferenciales
2015-07-30,M013,18.23,Precálculo
2015-07-30,M09,18.23,Precálculo
2015-08-03,J036,18.23,Cálculo
2015-08-04,C019,9.11,Análisis numérico
2015-08-04,D026,10.94,Cálculo
2015-08-04,E013,18.23,Cálculo
2015-08-04,E01,12.76,Análisis numérico
2015-08-04,L019,23.69,Análisis numérico
2015-08-05,J033,7.29,Física
2015-08-05,A010,36.45,Análisis numérico
2015-08-06,M09,18.23,Precálculo
2015-08-10,O01,3.65,Álgebra lineal
2015-08-10,A022,18.23,Cálculo
2015-08-10,S011,25.52,Cálculo
2015-08-11,S06,14.58,Estática
2015-08-11,J036,18.23,Cálculo
2015-08-12,A010,36.45,Análisis numérico
2015-08-13,S011,36.45,Cálculo
2015-08-13,L012,10.94,Resistencia materiales
2015-08-14,S011,70.17,Cálculo
2015-08-14,D018,14.58,Resistencia materiales
2015-08-14,J033,7.29,Estática
2015-08-15,S011,12.76,Cálculo
2015-08-15,S011,51.03,Física
2015-08-17,L07,18.23,Cálculo
2015-08-17,M016,49.21,Cálculo
2015-08-18,N015,18.23,Física
2015-08-18,J033,14.58,Estática
2015-08-18,J033,14.58,Física
2015-08-18,M030,10.94,Resistencia materiales
2015-08-18,J036,18.23,Cálculo
2015-08-18,S011,45.38,Cálculo
2015-08-19,S016,25.52,Física
2015-08-19,C019,18.23,Cálculo
2015-08-19,E013,18.23,Cálculo
2015-08-19,A021,9.11,Cálculo
2015-08-19,J02,18.23,Álgebra lineal
2015-08-20,A022,25.52,Cálculo
2015-08-20,S011,116.64,Cálculo
2015-08-20,D010,14.58,Física
2015-08-21,C019,18.23,Cálculo
2015-08-21,J061,21.87,Mecánica de fluidos
2015-08-21,A010,36.45,Análisis numérico
2015-08-21,S011,9.11,Álgebra lineal
2015-08-21,C020,7.29,Sist. Dinámicos
2015-08-22,S011,18.23,Cálculo
2015-08-24,E09,29.16,Dinámica
2015-08-24,S011,9.11,Cálculo
2015-08-24,S011,14.58,Física
2015-08-24,A010,3.65,Física
2015-08-25,N07,14.58,Resistencia materiales
2015-08-25,M030,10.94,Resistencia materiales
2015-08-25,J036,18.23,Cálculo
2015-08-25,V01,18.23,Precálculo
2015-08-25,L07,9.11,Cálculo
2015-08-25,S028,18.23,Cálculo
2015-08-26,S011,43.74,Cálculo
2015-08-26,S011,9.11,Estática
2015-08-27,S011,40.1,Estática
2015-08-27,S011,18.23,Cálculo
2015-08-27,A022,7.29,Cálculo
2015-08-28,F09,14.58,Física
2015-08-28,A010,36.45,Análisis numérico
2015-08-28,L016,8.02,Precálculo
2015-08-29,S011,29.16,Termodinámica
2015-08-31,S011,45.56,Física
2015-09-01,S028,14.58,Cálculo
2015-09-01,S015,14.58,Física
2015-09-01,S011,18.23,Cálculo
2015-09-01,S011,54.68,Mecánica de fluidos
2015-09-01,E013,7.29,Cálculo
2015-09-02,S011,112.63,Cálculo
2015-09-02,S011,27.34,Física
2015-09-02,C020,14.58,Cálculo
2015-09-02,C020,10.94,Física
2015-09-03,J011,20.05,Física
2015-09-03,S011,45.56,Física
2015-09-04,S011,18.23,Cálculo
2015-09-04,R04,18.23,Ec. Diferenciales
2015-09-05,S011,95.68,Cálculo
2015-09-05,S011,70.17,Física
2015-09-07,S011,18.23,Álgebra lineal
2015-09-07,S011,122.29,Física
2015-09-07,N015,18.23,Física
2015-09-08,G05,18.23,Ec. Diferenciales
2015-09-08,J036,18.23,Cálculo
2015-09-08,S011,58.32,Cálculo
2015-09-09,S011,21.87,Estática
2015-09-09,S011,21.87,Resistencia materiales
2015-09-10,S011,53.77,Estática
2015-09-10,S011,10.94,Física
2015-09-11,A018,18.23,Cálculo
2015-09-11,S011,43.74,Resistencia materiales
2015-09-12,S011,91.13,Cálculo
2015-09-14,E011,21.87,Cálculo
2015-09-14,S011,54.68,Cálculo
2015-09-14,S011,9.11,Álgebra lineal
2015-09-15,E011,14.58,Cálculo
2015-09-15,J036,18.23,Cálculo
2015-09-16,E04,5.47,Resistencia materiales
2015-09-16,C020,7.29,Diseño mecánico
2015-09-16,S011,69.8,Álgebra lineal
2015-09-17,J056,14.58,Estática
2015-09-17,S011,22.78,Cálculo
2015-09-17,S011,18.23,Álgebra lineal
2015-09-17,C020,29.16,Diseño mecánico
2015-09-21,J033,10.94,Cálculo
2015-09-22,J07,3.65,Ec. Diferenciales
2015-09-22,D018,18.23,Resistencia materiales
2015-09-22,J011,18.23,Física
2015-09-23,J013,18.23,Álgebra lineal
2015-09-23,A021,18.23,Cálculo
2015-09-23,J033,7.29,Cálculo
2015-09-24,S011,18.23,Precálculo
2015-09-24,D019,29.16,Cálculo
2015-09-25,M016,36.45,Cálculo
2015-09-28,S011,39.37,Cálculo
2015-09-28,J011,18.23,Física
2015-09-28,M026,18.23,Física
2015-09-28,C021,18.23,Resistencia materiales
2015-09-29,J033,18.23,Cálculo
2015-09-29,J036,18.23,Cálculo
2015-09-29,S05,21.87,Dinámica
2015-09-30,D010,14.58,Cálculo
2015-09-30,J07,18.23,Ec. Diferenciales
2015-09-30,A03,18.23,Cálculo
2015-09-30,S011,57.59,Cálculo
2015-09-30,M07,25.52,Cálculo
2015-10-01,A022,18.23,Cálculo
2015-10-02,J035,5.47,Física
2015-10-02,D010,14.58,Cálculo
2015-10-03,J03,10.94,Física
2015-10-05,S015,18.23,Física
2015-10-05,C020,10.94,Resistencia materiales
2015-10-05,J049,18.23,Estática
2015-10-06,G05,23.69,Ec. Diferenciales
2015-10-06,J036,18.23,Cálculo
2015-10-06,A018,3.65,Cálculo
2015-10-06,J011,18.23,Física
2015-10-07,R01,12.76,Análisis numérico
2015-10-07,J060,18.23,Física
2015-10-07,S025,18.23,Cálculo
2015-10-08,J053,10.94,Termodinámica
2015-10-08,J049,18.23,Estática
2015-10-08,S05,18.23,Dinámica
2015-10-08,C023,40.1,Diseño mecánico
2015-10-08,J053,10.94,Termodinámica
2015-10-09,J03,18.23,Física
2015-10-09,D011,21.87,Análisis numérico
2015-10-09,S08,18.23,Física
2015-10-12,J01,21.87,Física
2015-10-13,J056,18.23,Estática
2015-10-13,S011,16.4,Cálculo
2015-10-13,C020,29.16,Resistencia materiales
2015-10-13,J049,18.23,Estática
2015-10-14,J053,3.65,Estática
2015-10-14,C011,18.23,Física
2015-10-14,C011,7.29,Cálculo
2015-10-15,C020,21.87,Cálculo
2015-10-15,S06,21.87,Estática
2015-10-15,S011,127.58,Cálculo
2015-10-15,G05,18.23,Ec. Diferenciales
2015-10-15,J056,14.58,Cálculo
2015-10-16,R04,29.16,Ec. Diferenciales
2015-10-19,A025,9.11,Resistencia materiales
2015-10-19,M09,10.94,Precálculo
2015-10-20,J041,14.58,Ec. Diferenciales
2015-10-20,J036,18.23,Cálculo
2015-10-20,S04,36.45,Cálculo
2015-10-20,S011,24.06,Análisis numérico
2015-10-21,J024,10.94,Cálculo
2015-10-21,R01,18.23,Análisis numérico
2015-10-21,S011,16.04,Física
2015-10-21,S011,43.74,Cálculo
2015-10-21,C020,10.94,Análisis numérico
2015-10-22,J049,18.23,Análisis numérico
2015-10-22,J051,21.87,Termodinámica
2015-10-22,S011,32.81,Mecánica de fluidos
2015-10-23,S011,1.82,Cálculo
2015-10-23,M04,18.23,Cálculo
2015-10-23,D06,18.23,Física
2015-10-24,X01,7.29,Precálculo
2015-10-24,J041,14.58,Ec. Diferenciales
2015-10-26,M028,36.45,Estática
2015-10-26,D06,18.23,Física
2015-10-26,S015,18.23,Cálculo
2015-10-27,S08,18.23,Física
2015-10-27,J036,18.23,Cálculo
2015-10-27,J011,18.23,Física
2015-10-27,M024,21.87,Mecánica de fluidos
2015-10-28,J07,3.65,Ec. Diferenciales
2015-10-28,J036,18.23,Cálculo
2015-10-28,G05,18.23,Ec. Diferenciales
2015-10-28,A01,36.45,Física
2015-10-29,J049,18.23,Estática
2015-10-29,S012,10.94,Física
2015-10-29,J056,14.58,Estática
2015-10-29,S08,18.23,Física
2015-10-29,D07,32.81,Estática
2015-10-29,R01,36.45,Análisis numérico
2015-10-30,J023,21.87,Física
2015-10-30,D06,18.23,Física
2015-10-31,A012,18.23,Física
2015-11-02,N015,36.45,Física
2015-11-03,J060,9.11,Física
2015-11-03,J036,18.23,Cálculo
2015-11-03,J053,3.65,Termodinámica
2015-11-03,J011,18.23,Física
2015-11-04,A021,36.45,Física
2015-11-04,S09,18.23,Resistencia materiales
2015-11-04,F01,10.94,Análisis numérico
2015-11-04,A017,18.23,Cálculo
2015-11-05,J053,14.58,Termodinámica
2015-11-05,J049,18.23,Ec. Diferenciales
2015-11-05,D06,18.23,Cálculo
2015-11-06,M021,18.23,Resistencia materiales
2015-11-07,J07,3.65,Ec. Diferenciales
2015-11-09,J033,29.16,Estática
2015-11-09,A017,16.4,Cálculo
2015-11-09,D06,14.58,Cálculo
2015-11-09,D010,18.23,Cálculo
2015-11-09,A025,18.23,Resistencia materiales
2015-11-09,A07,14.58,Estática
2015-11-10,J036,18.23,Cálculo
2015-11-10,J011,18.23,Física
2015-11-11,N018,14.54,Estática
2015-11-11,D010,18.23,Física
2015-11-12,J049,18.23,Análisis numérico
2015-11-12,L01,18.23,Física
2015-11-12,S05,18.23,Dinámica
2015-11-12,J03,18.23,Física
2015-11-13,S015,21.87,Física
2015-11-13,J024,10.94,Cálculo
2015-11-13,D06,14.58,Cálculo
2015-11-14,J041,36.45,Física
2015-11-14,M011,51.03,Física
2015-11-14,J037,18.23,Física
2015-11-15,L05,18.23,Física
2015-11-15,M019,18.23,Física
2015-11-17,W02,18.23,Análisis numérico
2015-11-17,F05,21.87,Física
2015-11-17,D030,18.23,Física
2015-11-17,J036,18.23,Cálculo
2015-11-17,J011,18.23,Física
2015-11-18,D03,29.16,Estática
2015-11-18,M022,21.87,Análisis numérico
2015-11-18,J07,18.23,Ec. Diferenciales
2015-11-18,D06,27.34,Física
2015-11-18,N015,26.61,Física
2015-11-19,J049,18.23,Estática
2015-11-19,P05,21.87,Resistencia materiales
2015-11-19,R04,7.29,Ec. Diferenciales
2015-11-20,D021,18.23,Cálculo
2015-11-20,M022,43.74,Análisis numérico
2015-11-21,F09,3.65,Análisis numérico
2015-11-21,A011,18.23,Física
2015-11-22,L05,18.23,Física
2015-11-23,C020,29.16,Física
2015-11-24,J025,18.23,Cálculo
2015-11-24,J036,18.23,Cálculo
2015-11-24,J049,18.23,Ec. Diferenciales
2015-11-24,C09,14.58,Ec. Diferenciales
2015-11-25,J053,14.58,Termodinámica
2015-11-25,J036,18.23,Cálculo
2015-11-25,J025,18.23,Cálculo
2015-11-26,J035,18.23,Cálculo
2015-11-26,J025,18.23,Cálculo
2015-11-26,J011,18.23,Física
2015-11-27,G02,7.29,Cálculo
2015-11-27,A08,18.23,Física
2015-11-30,F02,25.52,Estática
2015-11-30,J056,14.58,Estática
2015-12-01,J011,18.23,Física
2015-12-01,R04,14.58,Ec. Diferenciales
2015-12-02,L05,18.23,Estática
2015-12-02,J041,54.68,Física
2015-12-14,N018,18.23,Cálculo
2015-12-24,N018,18.23,Física
2016-01-20,J056,13.11,Ec. Diferenciales
2016-01-21,E06,19.67,Cálculo
2016-01-25,J056,13.11,Ec. Diferenciales
2016-01-27,M09,16.39,Precálculo
2016-01-28,J036,16.39,Álgebra lineal
2016-01-30,J023,32.78,Física
2016-02-01,J056,13.11,Ec. Diferenciales
2016-02-02,F07,16.39,Física
2016-02-03,A04,16.39,Cálculo
2016-02-04,J036,16.39,Álgebra lineal
2016-02-04,D06,16.39,Cálculo
2016-02-05,T02,16.39,Ec. Diferenciales
2016-02-06,J023,22.94,Física
2016-02-08,S01,3.28,Análisis numérico
2016-02-08,R04,4.92,Física
2016-02-08,D06,16.39,Álgebra lineal
2016-02-09,A04,16.39,Física
2016-02-09,A01,16.39,Estática
2016-02-10,S06,16.39,Física
2016-02-10,N06,22.94,Estática
2016-02-10,A010,29.5,Análisis numérico
2016-02-11,J041,16.39,Dinámica
2016-02-11,J036,16.39,Cálculo
2016-02-11,M018,16.39,Física
2016-02-11,F07,16.39,Cálculo
2016-02-11,J043,15.4,Física
2016-02-15,J045,16.39,Física
2016-02-15,N015,16.39,Física
2016-02-15,M018,16.39,Física
2016-02-15,N018,16.39,Estática
2016-02-15,L01,16.39,Física
2016-02-15,M015,9.83,Mecánica de fluidos
2016-02-16,A021,16.39,Cálculo
2016-02-16,N06,22.94,Estática
2016-02-17,K03,16.39,Termodinámica
2016-02-17,J033,16.39,Cálculo
2016-02-18,J036,16.39,Álgebra lineal
2016-02-18,E08,3.28,Termodinámica
2016-02-18,A03,16.39,Cálculo
2016-02-19,A01,16.39,Estática
2016-02-19,J051,16.39,Ec. Diferenciales
2016-02-22,S015,16.39,Física
2016-02-22,N018,8.19,Física
2016-02-22,D026,8.19,Física
2016-02-22,D017,16.39,Física
2016-02-22,D023,16.39,Cálculo
2016-02-22,P06,32.78,Análisis numérico
2016-02-24,E06,14.75,Cálculo
2016-02-24,D023,16.39,Cálculo
2016-02-24,A01,9.83,Estática
2016-02-25,J036,16.39,Cálculo
2016-02-26,C022,9.83,Dinámica
2016-02-26,J033,6.56,Estática
2016-02-26,J033,13.11,Física
2016-02-26,D026,9.83,Álgebra lineal
2016-02-27,M028,22.94,Termodinámica
2016-02-27,N010,22.94,Álgebra lineal
2016-02-27,D026,9.83,Física
2016-02-27,D026,9.83,Álgebra lineal
2016-02-29,L020,14.75,Cálculo
2016-02-29,N06,22.94,Estática
2016-02-29,J043,15.73,Física
2016-02-29,A08,16.39,Cálculo
2016-02-29,J023,22.94,Física
2016-03-01,C022,16.39,Resistencia materiales
2016-03-01,C020,6.56,Trans. Calor
2016-03-02,A01,9.83,Estática
2016-03-02,V03,16.39,Termodinámica
2016-03-02,J041,32.78,Dinámica
2016-03-02,A04,13.11,Física
2016-03-02,N09,16.39,Resistencia materiales
2016-03-02,K02,9.83,Cálculo
2016-03-03,D023,16.39,Cálculo
2016-03-03,C07,13.11,Dinámica
2016-03-03,N015,16.39,Física
2016-03-03,S06,22.94,Física
2016-03-03,J043,16.39,Física
2016-03-04,S05,14.75,Mecánica de fluidos
2016-03-05,V03,16.39,Termodinámica
2016-03-05,A01,16.39,Cálculo
2016-03-07,A02,6.56,Mecánica de fluidos
2016-03-07,D06,16.39,Álgebra lineal
2016-03-08,N06,22.94,Estática
2016-03-08,K02,16.39,Cálculo
2016-03-09,S024,9.83,Física
2016-03-09,A01,9.83,Estática
2016-03-09,N015,16.39,Cálculo
2016-03-09,J043,16.39,Álgebra lineal
2016-03-10,J036,16.39,Cálculo
2016-03-11,F02,9.83,Resistencia materiales
2016-03-11,J015,9.83,Estática
2016-03-12,K02,16.39,Física
2016-03-12,M03,16.39,Cálculo
2016-03-14,A02,9.83,Mecánica de fluidos
2016-03-14,S024,16.39,Física
2016-03-15,F09,16.39,Física
2016-03-15,M03,9.83,Cálculo
2016-03-16,D06,24.58,Estática
2016-03-16,E013,9.83,Física
2016-03-19,J023,17.7,Física
2016-03-19,K03,6.56,Termodinámica
2016-03-20,D026,9.83,Cálculo
2016-03-25,J043,21.3,Física
2016-03-26,S013,16.39,Estática
2016-03-27,A02,6.56,Mecánica de fluidos
2016-03-28,V03,16.39,Termodinámica
2016-03-28,N05,16.39,Dinámica
2016-03-28,M03,16.39,Física
2016-03-29,J041,32.78,Dinámica
2016-03-29,N013,16.39,Cálculo
2016-03-29,J043,9.83,Física
2016-03-30,K03,16.39,Termodinámica
2016-03-30,C07,16.39,Dinámica
2016-03-30,A04,16.39,Física
2016-03-31,J036,16.39,Cálculo
2016-04-01,A01,16.39,Estática
2016-04-01,N06,22.94,Estática
2016-04-01,J033,6.56,Estática
2016-04-01,J033,26.22,Cálculo
2016-04-01,L01,16.39,Cálculo
2016-04-01,L013,16.39,Ec. Diferenciales
2016-04-02,J023,21.3,Física
2016-04-02,J043,14.75,Física
2016-04-03,J041,49.16,Dinámica
2016-04-04,A02,9.83,Mecánica de fluidos
2016-04-04,C07,6.56,Dinámica
2016-04-04,A03,16.39,Dinámica
2016-04-04,D017,16.39,Física
2016-04-04,M03,16.39,Física
2016-04-04,E013,9.83,Cálculo
2016-04-05,C021,0,Resistencia materiales
2016-04-05,A021,16.39,Cálculo
2016-04-05,J020,9.83,Diseño mecánico
2016-04-05,S02,16.39,Física
2016-04-05,J033,13.11,Física
2016-04-06,J05,16.39,Física
2016-04-06,C017,16.39,Estática
2016-04-06,S018,16.39,Física
2016-04-06,J048,16.39,Cálculo
2016-04-06,J048,16.39,Física
2016-04-06,N015,16.39,Cálculo
2016-04-06,A03,16.39,Cálculo
2016-04-06,J015,9.83,Estática
2016-04-06,J020,16.39,Diseño mecánico
2016-04-06,J033,13.11,Física
2016-04-06,N020,16.39,Física
2016-04-07,J036,16.39,Cálculo
2016-04-07,A024,16.39,Física
2016-04-07,K02,16.39,Cálculo
2016-04-07,K02,16.39,Física
2016-04-07,J033,13.11,Cálculo
2016-04-08,S015,39.33,Física
2016-04-08,M02,16.39,Física
2016-04-08,S01,9.83,Análisis numérico
2016-04-08,M011,65.55,Física
2016-04-08,D08,16.39,Física
2016-04-09,J026,13.11,Física
2016-04-11,D026,9.83,Cálculo
2016-04-11,V03,16.39,Termodinámica
2016-04-11,M03,16.39,Prob. Y Estadística
2016-04-12,J036,16.39,Cálculo
2016-04-12,A04,14.75,Cálculo
2016-04-12,M08,16.39,Física
2016-04-12,D06,16.39,Cálculo
2016-04-12,Q01,14.75,Diseño mecánico
2016-04-13,J033,26.22,Física
2016-04-14,D023,16.39,Cálculo
2016-04-14,D06,16.39,Estática
2016-04-14,N06,22.94,Estática
2016-04-14,J020,16.39,Diseño mecánico
2016-04-16,L015,16.39,Análisis numérico
2016-04-16,L018,16.39,Física
2016-04-18,J015,14.75,Estática
2016-04-18,J033,13.11,Física
2016-04-18,M03,16.39,Cálculo
2016-04-18,E013,9.83,Cálculo
2016-04-19,J036,16.39,Física
2016-04-19,S06,21.3,Física
2016-04-19,D06,16.39,Estática
2016-04-19,C020,32.78,Diseño mecánico
2016-04-20,E06,9.83,Cálculo
2016-04-21,I02,9.83,Cálculo
2016-04-21,E06,9.83,Cálculo
2016-04-21,J036,16.39,Cálculo
2016-04-21,A01,13.11,Estática
2016-04-21,J015,16.39,Estática
2016-04-21,J058,16.39,Cálculo
2016-04-22,S024,16.39,Física
2016-04-22,I02,16.39,Cálculo
2016-04-22,N019,24.58,Física
2016-04-22,J058,16.39,Cálculo
2016-04-22,N09,16.39,Dinámica
2016-04-22,N09,16.39,Resistencia materiales
2016-04-22,C05,16.39,Física
2016-04-23,C022,16.39,Dinámica
2016-04-25,N03,9.83,Física
2016-04-25,N015,16.39,Física
2016-04-25,V06,16.39,Física
2016-04-25,M03,16.39,Cálculo
2016-04-26,J036,16.39,Física
2016-04-26,A04,14.75,Física
2016-04-27,F09,16.39,Física
2016-04-28,J036,16.39,Cálculo
2016-04-28,J020,32.78,Diseño mecánico
2016-04-28,Q01,32.78,Diseño mecánico
2016-04-28,N06,22.94,Estática
2016-04-29,J043,16.39,Física
2016-04-29,C07,16.39,Resistencia materiales
2016-04-30,M09,9.83,Precálculo
2016-04-30,J035,8.19,Cálculo
2016-04-30,J035,4.92,Estática
2016-05-02,C07,29.5,Resistencia materiales
2016-05-02,J015,9.83,Estática
2016-05-02,D024,8.19,Cálculo
2016-05-03,J036,16.39,Cálculo
2016-05-03,V03,13.11,Termodinámica
2016-05-03,K02,16.39,Física
2016-05-04,N015,16.39,Cálculo
2016-05-04,J049,16.39,Análisis numérico
2016-05-04,Ó02,26.22,Mecánica de fluidos
2016-05-05,J036,16.39,Cálculo
2016-05-05,J020,16.39,Diseño mecánico
2016-05-05,Q01,16.39,Diseño mecánico
2016-05-05,M03,16.39,Física
2016-05-05,J043,16.39,Física
2016-05-06,E06,16.39,Física
2016-05-06,A09,16.39,Física
2016-05-06,J041,32.78,Resistencia materiales
2016-05-06,M02,22.94,Física
2016-05-06,C01,9.83,Dinámica
2016-05-06,J033,11.47,Física
2016-05-08,A011,32.78,Ec. Diferenciales
2016-05-09,N03,45.89,Física
2016-05-09,J023,22.94,Física
2016-05-10,J036,16.39,Cálculo
2016-05-10,J033,16.39,Cálculo
2016-05-10,J033,39.33,Física
2016-05-10,K02,14.75,Física
2016-05-10,M03,16.39,Cálculo
2016-05-11,J048,24.58,Cálculo
2016-05-11,D024,8.19,Cálculo
2016-05-11,L06,6.56,Física
2016-05-11,J026,39.33,Física
2016-05-11,J033,22.94,Cálculo
2016-05-11,C015,16.39,Física
2016-05-12,J036,16.39,Cálculo
2016-05-12,D04,59,Física
2016-05-12,K03,22.94,Termodinámica
2016-05-13,N018,9.83,Ec. Diferenciales
2016-05-14,J036,16.39,Física
2016-05-14,J020,36.87,Diseño mecánico
2016-05-14,K03,16.39,Cálculo
2016-05-14,D025,16.39,Física
2016-05-14,E013,9.83,Física
2016-05-16,L01,16.39,Cálculo
2016-05-16,J048,16.39,Física
2016-05-16,D017,16.39,Física
2016-05-16,L06,16.39,Física
2016-05-16,J033,16.39,Resistencia materiales
2016-05-16,J033,16.39,Cálculo
2016-05-16,M03,16.39,Cálculo
2016-05-17,J036,16.39,Cálculo
2016-05-17,K02,16.39,Física
2016-05-18,K03,32.78,Termodinámica
2016-05-18,J033,72.11,Física
2016-05-18,J033,68.83,Cálculo
2016-05-18,D08,16.39,Física
2016-05-18,L06,16.39,Álgebra lineal
2016-05-18,A025,22.94,Resistencia materiales
2016-05-18,L021,16.39,Termodinámica
2016-05-19,J036,16.39,Física
2016-05-19,J036,16.39,Cálculo
2016-05-19,A03,16.39,Cálculo
2016-05-19,C024,16.39,Resistencia materiales
2016-05-19,A01,29.5,Estática
2016-05-19,L021,16.39,Termodinámica
2016-05-19,J049,12.46,Física
2016-05-20,C022,16.39,Dinámica
2016-05-20,J033,16.39,Estática
2016-05-20,J033,16.39,Resistencia materiales
2016-05-21,A01,19.67,Estática
2016-05-22,Q01,98.33,Diseño mecánico
2016-05-23,J041,16.39,Diseño mecánico
2016-05-23,J036,16.39,Cálculo
2016-05-23,J036,16.39,Física
2016-05-23,S05,16.39,Mecánica de fluidos
2016-05-24,Ó01,16.39,Física
2016-05-24,F09,16.39,Física
2016-05-24,J033,16.39,Física
2016-05-25,N09,16.39,Resistencia materiales
2016-05-26,S015,16.39,Física
2016-05-26,C022,16.39,Resistencia materiales
2016-05-26,J049,17.04,Análisis numérico
2016-05-26,A011,49.16,Análisis numérico
2016-05-27,J033,16.39,Física
2016-05-30,J026,16.39,Física
2016-05-31,E013,9.83,Física
2016-06-01,J049,16.39,Física
2016-06-01,J035,8.19,Cálculo
2016-06-02,N021,6.56,Diseño mecánico
2016-06-11,J06,22.94,Física
2016-06-11,D06,16.39,Física
2016-06-11,M06,13.11,Cálculo
2016-06-13,D06,16.39,Física
2016-06-13,L023,16.39,Precálculo
2016-06-13,E013,9.83,Física
2016-06-14,L023,16.39,Precálculo
2016-06-15,L023,16.39,Precálculo
2016-06-16,M06,16.39,Cálculo
2016-06-16,D06,16.39,Física
2016-06-18,M014,24.58,Física
2016-06-18,S019,22.94,Cálculo
2016-06-20,D06,16.39,Álgebra lineal
2016-06-20,V04,16.39,Cálculo
2016-06-24,D06,16.39,Física
2016-06-24,C02,16.39,Física
2016-06-25,M014,59,Física
2016-06-25,J047,22.94,Física
2016-06-25,A03,16.39,Física
2016-06-26,L06,16.39,Cálculo
2016-06-27,D06,16.39,Física
2016-06-27,V04,16.39,Cálculo
2016-06-27,M06,16.39,Cálculo
2016-06-29,L06,16.39,Cálculo
2016-07-02,J033,16.39,Física
2016-07-02,J041,49.16,Física
2016-07-02,M06,16.39,Cálculo
2016-07-04,J030,24.58,Cálculo
2016-07-04,P01,24.58,Física
2016-07-05,M031,16.39,Física
2016-07-05,D06,16.39,Física
2016-07-06,V04,8.19,Cálculo
2016-07-06,A013,16.39,Cálculo
2016-07-06,J041,16.39,Física
2016-07-07,V07,16.39,Cálculo
2016-07-08,D06,16.39,Física
2016-07-09,D06,16.39,Física
2016-07-09,V07,9.83,Cálculo
2016-07-11,J033,16.39,Física
2016-07-12,D06,16.39,Física
2016-07-12,N09,9.83,Dinámica
2016-07-12,C023,16.39,Dinámica
2016-07-13,S08,9.83,Cálculo
2016-07-13,M06,16.39,Cálculo
2016-07-14,J035,16.39,Cálculo
2016-07-15,M06,22.94,Cálculo
2016-07-15,D06,16.39,Física
2016-07-18,D06,16.39,Física
2016-07-20,M029,16.39,Diseño mecánico
2016-07-21,D06,16.39,Física
2016-07-21,V07,9.83,Cálculo
2016-07-27,J036,16.39,Cálculo
2016-07-28,J036,16.39,Ec. Diferenciales
2016-07-28,J059,9.83,Precálculo
2016-07-29,D026,11.47,Cálculo
2016-07-29,D026,9.83,Cálculo
2016-08-02,J059,9.83,Precálculo
2016-08-03,J036,32.78,Ec. Diferenciales
2016-08-04,C04,13.11,Ec. Diferenciales
2016-08-05,G04,4.92,Termodinámica
2016-08-05,J059,16.39,Precálculo
2016-08-06,K02,16.39,Álgebra lineal
2016-08-09,N09,22.94,Mecánica de fluidos
2016-08-10,J036,32.78,Ec. Diferenciales
2016-08-11,J033,4.92,Estática
2016-08-11,N05,29.5,Dinámica
2016-08-12,A021,16.39,Ec. Diferenciales
2016-08-12,V04,8.19,Cálculo
2016-08-12,V04,8.19,Física
2016-08-13,G04,16.39,Termodinámica
2016-08-13,J059,16.39,Precálculo
2016-08-13,S022,19.67,Análisis numérico
2016-08-13,J033,4.92,Cálculo
2016-08-13,D026,13.11,Cálculo
2016-08-15,M028,16.39,Termodinámica
2016-08-16,J033,13.11,Física
2016-08-16,J048,16.39,Ec. Diferenciales
2016-08-16,N05,16.39,Dinámica
2016-08-16,C012,16.39,Termodinámica
2016-08-16,J059,9.83,Precálculo
2016-08-17,J033,13.11,Física
2016-08-17,J033,13.11,Ec. Diferenciales
2016-08-17,J036,32.78,Ec. Diferenciales
2016-08-17,G04,0,Resistencia materiales
2016-08-17,V04,16.39,Física
2016-08-19,J033,26.22,Cálculo
2016-08-19,J033,26.22,Física
2016-08-22,J033,13.11,Cálculo
2016-08-22,A03,16.39,Ec. Diferenciales
2016-08-22,N016,16.39,Cálculo
2016-08-22,J023,22.94,Física
2016-08-23,S010,8.19,Cálculo
2016-08-23,S021,16.39,Física
2016-08-23,V04,16.39,Física
2016-08-23,Á01,16.39,Física
2016-08-23,J059,9.83,Precálculo
2016-08-24,J036,16.39,Ec. Diferenciales
2016-08-24,J036,16.39,Cálculo
2016-08-24,J033,26.22,Resistencia materiales
2016-08-24,J033,26.22,Estática
2016-08-24,N016,16.39,Álgebra lineal
2016-08-25,M028,16.39,Cálculo
2016-08-25,N016,16.39,Álgebra lineal
2016-08-25,O02,13.11,Física
2016-08-25,F09,6.56,Cálculo
2016-08-25,L06,16.39,Cálculo
2016-08-26,O02,29.5,Física
2016-08-26,N012,24.58,Cálculo
2016-08-26,E06,9.83,Física
2016-08-26,M029,16.39,Dinámica
2016-08-27,J033,13.11,Cálculo
2016-08-27,J033,13.11,Física
2016-08-27,J023,22.94,Física
2016-08-29,J036,32.78,Ec. Diferenciales
2016-08-29,P04,9.83,Estática
2016-08-29,V03,16.39,Estática
2016-08-30,O02,22.94,Física
2016-08-30,S017,16.39,Cálculo
2016-08-30,P04,9.83,Estática
2016-08-30,E012,16.39,Mecánica de fluidos
2016-08-30,S014,19.67,Diseño mecánico
2016-08-31,S017,16.39,Cálculo
2016-08-31,N012,16.39,Física
2016-09-01,L06,8.19,Física
2016-09-01,S017,16.39,Cálculo
2016-09-01,N016,16.39,Estática
2016-09-01,N09,19.67,Diseño mecánico
2016-09-02,N011,16.39,Cálculo
2016-09-02,S017,16.39,Cálculo
2016-09-02,C023,19.67,Diseño mecánico
2016-09-02,J04,19.67,Diseño mecánico
2016-09-03,D06,16.39,Cálculo
2016-09-03,V04,6.56,Física
2016-09-04,E02,13.11,Sist. Dinámicos
2016-09-05,J033,11.47,Cálculo
2016-09-05,J015,16.39,Mecánica de fluidos
2016-09-05,E07,9.83,Ec. Diferenciales
2016-09-06,D06,16.39,Cálculo
2016-09-06,S05,11.47,Resistencia materiales
2016-09-06,N018,6.56,Física
2016-09-06,J057,6.56,Ec. Diferenciales
2016-09-07,J036,32.78,Ec. Diferenciales
2016-09-08,L06,8.19,Física
2016-09-08,D06,16.39,Mecánica de fluidos
2016-09-09,L06,8.19,Cálculo
2016-09-10,A06,16.39,Estática
2016-09-12,D06,16.39,Mecánica de fluidos
2016-09-13,N016,16.39,Estática
2016-09-13,N012,16.39,Física
2016-09-13,N08,16.39,Cálculo
2016-09-14,F03,16.39,Cálculo
2016-09-14,J036,32.78,Ec. Diferenciales
2016-09-14,J036,16.39,Cálculo
2016-09-14,S021,22.94,Física
2016-09-14,J038,16.39,Cálculo
2016-09-14,E013,27.86,Cálculo
2016-09-15,P04,14.75,Estática
2016-09-15,L06,8.19,Física
2016-09-15,F04,22.94,Física
2016-09-16,D01,16.39,Cálculo
2016-09-16,A03,16.39,Diseño mecánico
2016-09-17,V02,16.39,Cálculo
2016-09-19,R02,16.39,Termodinámica
2016-09-20,N016,16.39,Álgebra lineal
2016-09-20,N016,16.39,Cálculo
2016-09-20,V04,6.56,Física
2016-09-20,K02,16.39,Física
2016-09-20,K02,16.39,Álgebra lineal
2016-09-21,L03,16.39,Cálculo
2016-09-21,C012,16.39,Termodinámica
2016-09-21,N012,16.39,Cálculo
2016-09-21,M025,16.39,Estática
2016-09-22,N08,16.39,Cálculo
2016-09-22,A010,22.94,Análisis numérico
2016-09-22,M025,13.11,Estática
2016-09-22,S05,16.39,Termodinámica
2016-09-23,D033,16.39,Ec. Diferenciales
2016-09-23,J048,16.39,Estática
2016-09-23,A03,8.19,Estática
2016-09-26,N020,16.39,Física
2016-09-26,A021,16.39,Ec. Diferenciales
2016-09-26,F09,6.56,Cálculo
2016-09-27,J036,16.39,Ec. Diferenciales
2016-09-27,J033,19.67,Cálculo
2016-09-27,J033,16.39,Ec. Diferenciales
2016-09-28,V04,16.39,Física
2016-09-28,L09,26.22,Mecánica de fluidos
2016-09-28,J033,16.39,Cálculo
2016-09-28,P04,16.39,Estática
2016-09-29,J036,16.39,Física
2016-09-29,L06,16.39,Física
2016-09-29,J033,9.83,Cálculo
2016-09-29,A03,6.56,Estática
2016-09-29,P04,26.22,Estática
2016-09-29,E05,26.22,Análisis numérico
2016-09-30,D033,16.39,Física
2016-09-30,J033,32.78,Cálculo
2016-09-30,E013,11.47,Cálculo
2016-10-02,S05,11.47,Resistencia materiales
2016-10-03,K01,6.56,Física
2016-10-03,F04,16.39,Estática
2016-10-03,D017,16.39,Resistencia materiales
2016-10-03,D024,16.39,Física
2016-10-03,J036,16.39,Física
2016-10-03,J036,16.39,Ec. Diferenciales
2016-10-03,J033,14.75,Cálculo
2016-10-03,J033,14.75,Física
2016-10-03,J033,3.28,Estática
2016-10-03,J09,16.39,Física
2016-10-03,C020,32.78,Trans. Calor
2016-10-03,E013,9.83,Cálculo
2016-10-03,E013,9.83,Física
2016-10-04,A02,16.39,Física
2016-10-04,N020,16.39,Física
2016-10-04,J036,16.39,Cálculo
2016-10-04,Á01,16.39,Física
2016-10-04,M025,16.39,Estática
2016-10-04,J033,29.5,Cálculo
2016-10-04,J033,14.75,Física
2016-10-05,K02,13.11,Física
2016-10-05,N016,16.39,Estática
2016-10-05,S014,19.67,Diseño mecánico
2016-10-05,S020,16.39,Dinámica
2016-10-05,M025,14.75,Estática
2016-10-05,V03,16.39,Estática
2016-10-06,W03,16.39,Física
2016-10-06,N020,16.39,Física
2016-10-06,J046,32.78,Estática
2016-10-06,N016,22.94,Estática
2016-10-07,J015,16.39,Mecánica de fluidos
2016-10-07,D05,16.39,Estática
2016-10-07,A010,19.67,Análisis numérico
2016-10-11,V03,16.39,Estática
2016-10-12,J035,16.39,Ec. Diferenciales
2016-10-12,M025,22.94,Estática
2016-10-13,J036,16.39,Ec. Diferenciales
2016-10-13,L018,16.39,Física
2016-10-13,M025,14.75,Estática
2016-10-13,N016,22.94,Estática
2016-10-14,H01,14.75,Diseño mecánico
2016-10-14,L011,11.47,Cálculo
2016-10-14,A010,19.67,Análisis numérico
2016-10-15,M09,16.39,Precálculo
2016-10-17,J038,16.39,Termodinámica
2016-10-17,D016,16.39,Termodinámica
2016-10-18,J036,32.78,Ec. Diferenciales
2016-10-18,D032,19.67,Diseño mecánico
2016-10-18,N011,16.39,Cálculo
2016-10-18,V07,16.39,Álgebra lineal
2016-10-18,J038,13.11,Termodinámica
2016-10-19,A023,9.83,Cálculo
2016-10-19,A05,18.03,Física
2016-10-19,H01,19.67,Diseño mecánico
2016-10-19,M025,14.75,Estática
2016-10-20,J057,9.83,Ec. Diferenciales
2016-10-20,N09,16.39,Diseño mecánico
2016-10-20,V07,9.83,Álgebra lineal
2016-10-20,P02,24.58,Análisis numérico
2016-10-21,D01,9.83,Cálculo
2016-10-21,C023,16.39,Diseño mecánico
2016-10-21,J04,19.67,Diseño mecánico
2016-10-21,D06,16.39,Mecánica de fluidos
2016-10-21,P02,39.33,Diseño mecánico
2016-10-21,A010,22.94,Análisis numérico
2016-10-24,D032,16.39,Cálculo
2016-10-24,P03,16.39,Física
2016-10-24,P03,16.39,Precálculo
2016-10-24,N016,22.94,Álgebra lineal
2016-10-24,M032,26.22,Análisis numérico
2016-10-24,K01,13.11,Física
2016-10-25,N01,16.39,Álgebra lineal
2016-10-25,A03,16.39,Diseño mecánico
2016-10-25,J036,32.78,Ec. Diferenciales
2016-10-25,D06,16.39,Cálculo
2016-10-26,M025,13.11,Cálculo
2016-10-26,P02,9.83,Cálculo
2016-10-26,N020,16.39,Cálculo
2016-10-26,J038,16.39,Cálculo
2016-10-26,D022,14.75,Cálculo
2016-10-26,K02,32.78,Física
2016-10-27,M025,19.67,Estática
2016-10-27,J046,32.78,Estática
2016-10-28,D026,11.47,Física
2016-10-29,K02,32.78,Álgebra lineal
2016-10-31,M025,24.58,Cálculo
2016-10-31,J046,32.78,Estática
2016-11-01,N01,22.94,Cálculo
2016-11-01,J036,32.78,Cálculo
2016-11-01,L09,13.11,Mecánica de fluidos
2016-11-01,F04,22.94,Estática
2016-11-01,C012,13.11,Termodinámica
2016-11-01,D020,13.11,Análisis numérico
2016-11-01,J033,32.78,Cálculo
2016-11-02,M025,26.22,Cálculo
2016-11-02,Ó01,114.72,Física
2016-11-02,D01,16.39,Física
2016-11-02,N016,22.94,Estática
2016-11-03,J036,16.39,Ec. Diferenciales
2016-11-03,M025,9.83,Estática
2016-11-03,F03,16.39,Cálculo
2016-11-03,N016,22.94,Estática
2016-11-03,V05,29.5,Cálculo
2016-11-04,L06,8.19,Física
2016-11-04,S08,9.83,Cálculo
2016-11-04,J021,49.16,Física
2016-11-04,F03,6.56,Cálculo
2016-11-04,J039,9.83,Física
2016-11-04,D029,65.55,Física
2016-11-04,A010,19.67,Análisis numérico
2016-11-04,E03,16.39,Estática
2016-11-04,J033,55.72,Cálculo
2016-11-05,J036,49.16,Física
2016-11-05,C013,16.39,Física
2016-11-05,N018,16.39,Ec. Diferenciales
2016-11-07,L018,65.55,Física
2016-11-07,N018,13.11,Física
2016-11-07,N018,13.11,Física
2016-11-08,J036,16.39,Física
2016-11-08,J036,16.39,Ec. Diferenciales
2016-11-08,S021,13.11,Física
2016-11-08,D02,19.67,Física
2016-11-08,J033,39.33,Física
2016-11-08,F04,22.94,Física
2016-11-08,N020,65.55,Cálculo
2016-11-09,J033,49.16,Física
2016-11-09,S021,16.39,Física
2016-11-09,M025,9.83,Estática
2016-11-10,H01,19.67,Diseño mecánico
2016-11-10,A07,19.67,Cálculo
2016-11-10,J036,16.39,Ec. Diferenciales
2016-11-10,D018,16.39,Cálculo
2016-11-10,S020,16.39,Dinámica
2016-11-10,J033,55.72,Cálculo
2016-11-10,M025,9.83,Estática
2016-11-10,W03,19.67,Cálculo
2016-11-10,M023,9.83,Cálculo
2016-11-11,D033,16.39,Física
2016-11-11,N09,19.67,Diseño mecánico
2016-11-11,L06,24.58,Cálculo
2016-11-11,V04,32.78,Física
2016-11-11,N018,32.78,Física
2016-11-11,D018,16.39,Física
2016-11-14,D026,11.47,Física
2016-11-15,V03,16.39,Estática
2016-11-15,J036,32.78,Cálculo
2016-11-15,Á01,16.39,Física
2016-11-15,R02,16.39,Termodinámica
2016-11-15,D022,16.39,Estática
2016-11-15,J033,16.39,Física
2016-11-16,C012,19.67,Termodinámica
2016-11-16,L018,32.78,Física
2016-11-16,J026,19.67,Termodinámica
2016-11-16,V04,16.39,Cálculo
2016-11-16,L09,19.67,Mecánica de fluidos
2016-11-17,J036,16.39,Cálculo
2016-11-17,K01,19.67,Física
2016-11-17,M023,16.39,Cálculo
2016-11-17,D018,16.39,Física
2016-11-18,D032,19.67,Resistencia materiales
2016-11-18,D01,9.83,Cálculo
2016-11-18,A06,16.39,Resistencia materiales
2016-11-18,J033,49.16,Física
2016-11-18,F012,16.39,Diseño mecánico
2016-11-19,J023,22.94,Física
2016-11-21,F013,19.67,Resistencia materiales
2016-11-21,A023,9.83,Cálculo
2016-11-21,D016,6.56,Álgebra lineal
2016-11-21,R02,16.39,Resistencia materiales
2016-11-21,F012,19.67,Diseño mecánico
2016-11-21,D032,9.83,Cálculo
2016-11-21,J050,19.67,Cálculo
2016-11-21,S021,9.83,Física
2016-11-21,A05,16.39,Álgebra lineal
2016-11-22,J033,16.39,Cálculo
2016-11-22,J042,19.67,Resistencia materiales
2016-11-23,D016,16.39,Álgebra lineal
2016-11-23,F04,22.94,Estática
2016-11-23,S021,19.67,Física
2016-11-24,R03,19.67,Física
2016-11-24,A01,9.83,Cálculo
2016-11-24,F03,16.39,Cálculo
2016-11-25,F03,16.39,Cálculo
2016-11-25,D016,16.39,Termodinámica
2016-11-25,A016,29.5,Mecánica de fluidos
2016-11-25,D06,6.56,Cálculo
2016-11-28,M025,29.5,Cálculo
2016-11-28,V07,16.39,Álgebra lineal
2016-11-28,J043,16.39,Álgebra lineal
2016-11-29,D026,9.83,Física
2016-11-29,G03,9.83,Física
2016-11-29,M025,62.28,Cálculo
2016-11-29,I01,16.39,Cálculo
2016-11-30,T01,16.39,Estática
2016-11-30,K01,9.83,Física
2016-12-01,N016,16.39,Estática
2016-12-01,J046,32.78,Estática
2016-12-01,D016,16.39,Termodinámica
2016-12-01,J033,19.67,Cálculo
2016-12-02,F04,59,Estática
2016-12-03,D026,11.47,Física
2016-12-05,I01,16.39,Termodinámica
2016-12-05,N016,16.39,Estática
2016-12-05,A05,16.39,Álgebra lineal
2016-12-05,F04,65.55,Estática
2016-12-07,L06,8.19,Física
2016-12-12,S027,19.67,Estática
2016-12-12,N020,16.39,Física
2016-12-14,L06,8.19,Física
2016-12-21,N020,6.56,Física
2016-12-26,K02,16.39,Física
2016-12-26,J033,29.5,Física
