Fecha num√©rica,Fecha,TRM Proyectada,TRM Proyectada Sup,TRM Proyectada Inf
738349,2022-07-13,4082.108977735392,4242.143201666275,3966.0450877825388
738350,2022-07-14,4082.8354939626297,4242.898200097499,3966.7509474570224
738351,2022-07-15,4083.562010189984,4243.653198528845,3967.4568071316194
738352,2022-07-16,4084.288526417222,4244.408196960069,3968.162666806103
738353,2022-07-17,4085.0150426444598,4245.163195391294,3968.8685264805868
738354,2022-07-18,4085.741558871814,4245.918193822639,3969.574386155183
738355,2022-07-19,4086.468075099052,4246.673192253863,3970.280245829667
738356,2022-07-20,4087.19459132629,4247.428190685087,3970.9861055041506
738357,2022-07-21,4087.921107553644,4248.183189116433,3971.6919651787475
738358,2022-07-22,4088.647623780882,4248.938187547657,3972.397824853231
738359,2022-07-23,4089.3741400082363,4249.693185979003,3973.1036845278277
738360,2022-07-24,4090.100656235474,4250.448184410227,3973.8095442023114
738361,2022-07-25,4090.827172462712,4251.203182841452,3974.515403876795
738362,2022-07-26,4091.5536886900663,4251.958181272797,3975.221263551392
738363,2022-07-27,4092.280204917304,4252.713179704022,3975.9271232258757
738364,2022-07-28,4093.0067211446585,4253.468178135367,3976.632982900472
738365,2022-07-29,4093.7332373718964,4254.223176566592,3977.338842574956
738366,2022-07-30,4094.4597535991343,4254.978174997816,3978.0447022494395
738367,2022-07-31,4095.1862698264886,4255.733173429161,3978.7505619240364
738368,2022-08-01,4095.9127860537264,4256.488171860386,3979.45642159852
738369,2022-08-02,4096.639302280964,4257.24317029161,3980.162281273004
738370,2022-08-03,4097.365818508319,4257.998168722956,3980.8681409476003
738371,2022-08-04,4098.0923347355565,4258.75316715418,3981.574000622084
738372,2022-08-05,4098.818850962911,4259.508165585526,3982.279860296681
738373,2022-08-06,4099.545367190149,4260.26316401675,3982.9857199711646
738374,2022-08-07,4100.271883417387,4261.018162447975,3983.6915796456483
738375,2022-08-08,4100.998399644741,4261.77316087932,3984.3974393202448
738376,2022-08-09,4101.724915871979,4262.528159310545,3985.1032989947284
738377,2022-08-10,4102.451432099333,4263.28315774189,3985.8091586693254
738378,2022-08-11,4103.177948326571,4264.038156173114,3986.515018343809
738379,2022-08-12,4103.904464553809,4264.793154604338,3987.2208780182928
738380,2022-08-13,4104.630980781163,4265.548153035684,3987.926737692889
738381,2022-08-14,4105.357497008401,4266.303151466908,3988.632597367373
738382,2022-08-15,4106.084013235639,4267.058149898133,3989.3384570418566
738383,2022-08-16,4106.810529462993,4267.813148329478,3990.0443167164535
738384,2022-08-17,4107.537045690231,4268.568146760703,3990.750176390937
738385,2022-08-18,4108.263561917585,4269.323145192048,3991.4560360655337
738386,2022-08-19,4108.990078144823,4270.078143623273,3992.1618957400174
738387,2022-08-20,4109.716594372061,4270.833142054497,3992.867755414501
738388,2022-08-21,4110.443110599415,4271.588140485843,3993.573615089098
738389,2022-08-22,4111.169626826653,4272.343138917066,3994.2794747635817
738390,2022-08-23,4111.896143054008,4273.098137348412,3994.985334438178
738391,2022-08-24,4112.622659281245,4273.853135779636,3995.691194112662
738392,2022-08-25,4113.349175508483,4274.608134210861,3996.3970537871455
738393,2022-08-26,4114.075691735838,4275.363132642206,3997.1029134617424
738394,2022-08-27,4114.8022079630755,4276.118131073431,3997.808773136226
738395,2022-08-28,4115.528724190313,4276.8731295046555,3998.51463281071
738396,2022-08-29,4116.255240417668,4277.628127936001,3999.2204924853063
738397,2022-08-30,4116.9817566449055,4278.3831263672255,3999.92635215979
738398,2022-08-31,4117.70827287226,4279.138124798571,4000.632211834387
738399,2022-09-01,4118.434789099498,4279.8931232297955,4001.3380715088706
738400,2022-09-02,4119.161305326736,4280.648121661019,4002.0439311833543
738401,2022-09-03,4119.88782155409,4281.403120092365,4002.7497908579508
738402,2022-09-04,4120.614337781328,4282.158118523589,4003.4556505324344
738403,2022-09-05,4121.340854008682,4282.913116954935,4004.1615102070314
738404,2022-09-06,4122.06737023592,4283.668115386159,4004.867369881515
738405,2022-09-07,4122.793886463158,4284.423113817384,4005.5732295559988
738406,2022-09-08,4123.520402690512,4285.178112248729,4006.279089230595
738407,2022-09-09,4124.24691891775,4285.933110679954,4006.984948905079
738408,2022-09-10,4124.973435144988,4286.688109111178,4007.6908085795626
738409,2022-09-11,4125.699951372342,4287.443107542524,4008.3966682541595
738410,2022-09-12,4126.42646759958,4288.198105973748,4009.102527928643
738411,2022-09-13,4127.152983826934,4288.953104405094,4009.8083876032397
738412,2022-09-14,4127.879500054172,4289.708102836317,4010.5142472777234
738413,2022-09-15,4128.60601628141,4290.463101267542,4011.220106952207
738414,2022-09-16,4129.332532508764,4291.218099698887,4011.925966626804
738415,2022-09-17,4130.059048736002,4291.973098130112,4012.6318263012877
738416,2022-09-18,4130.785564963357,4292.728096561457,4013.337685975884
738417,2022-09-19,4131.5120811905945,4293.483094992682,4014.043545650368
738418,2022-09-20,4132.238597417832,4294.238093423906,4014.7494053248515
738419,2022-09-21,4132.965113645187,4294.993091855252,4015.4552649994484
738420,2022-09-22,4133.6916298724245,4295.748090286476,4016.161124673932
738421,2022-09-23,4134.418146099662,4296.503088717701,4016.866984348416
738422,2022-09-24,4135.144662327017,4297.258087149046,4017.5728440230123
738423,2022-09-25,4135.871178554255,4298.01308558027,4018.278703697496
738424,2022-09-26,4136.597694781609,4298.768084011615,4018.984563372093
738425,2022-09-27,4137.324211008847,4299.52308244284,4019.6904230465766
738426,2022-09-28,4138.050727236085,4300.2780808740645,4020.3962827210603
738427,2022-09-29,4138.777243463439,4301.03307930541,4021.1021423956568
738428,2022-09-30,4139.503759690677,4301.7880777366345,4021.8080020701404
738429,2022-10-01,4140.230275918031,4302.54307616798,4022.5138617447374
738430,2022-10-02,4140.956792145269,4303.2980745992045,4023.219721419221
738431,2022-10-03,4141.683308372507,4304.053073030429,4023.9255810937047
738432,2022-10-04,4142.409824599861,4304.8080714617745,4024.631440768301
738433,2022-10-05,4143.136340827099,4305.563069892999,4025.337300442785
738434,2022-10-06,4143.862857054337,4306.3180683242235,4026.0431601172686
738435,2022-10-07,4144.589373281691,4307.073066755568,4026.7490197918655
738436,2022-10-08,4145.315889508929,4307.828065186793,4027.454879466349
738437,2022-10-09,4146.042405736283,4308.583063618138,4028.1607391409457
738438,2022-10-10,4146.768921963521,4309.338062049363,4028.8665988154294
738439,2022-10-11,4147.495438190759,4310.093060480587,4029.572458489913
738440,2022-10-12,4148.2219544181135,4310.848058911933,4030.27831816451
738441,2022-10-13,4148.948470645351,4311.603057343157,4030.9841778389937
738442,2022-10-14,4149.674986872706,4312.358055774503,4031.6900375135906
738443,2022-10-15,4150.4015030999435,4313.113054205727,4032.395897188074
738444,2022-10-16,4151.128019327181,4313.868052636952,4033.1017568625575
738445,2022-10-17,4151.854535554536,4314.623051068297,4033.8076165371544
738446,2022-10-18,4152.581051781774,4315.378049499521,4034.513476211638
738447,2022-10-19,4153.307568009011,4316.133047930745,4035.219335886122
738448,2022-10-20,4154.034084236366,4316.888046362091,4035.9251955607183
738449,2022-10-21,4154.760600463604,4317.643044793315,4036.631055235202
738450,2022-10-22,4155.487116690958,4318.398043224661,4037.336914909799
738451,2022-10-23,4156.213632918196,4319.153041655885,4038.0427745842826
738452,2022-10-24,4156.940149145434,4319.90804008711,4038.7486342587663
738453,2022-10-25,4157.666665372788,4320.663038518455,4039.4544939333628
738454,2022-10-26,4158.393181600026,4321.41803694968,4040.1603536078464
738455,2022-10-27,4159.11969782738,4322.173035381025,4040.8662132824434
738456,2022-10-28,4159.846214054618,4322.92803381225,4041.572072956927
738457,2022-10-29,4160.572730281856,4323.6830322434735,4042.2779326314107
738458,2022-10-30,4161.29924650921,4324.438030674819,4042.983792306007
738459,2022-10-31,4162.025762736448,4325.1930291060435,4043.689651980491
738460,2022-11-01,4162.752278963686,4325.948027537268,4044.3955116549746
738461,2022-11-02,4163.47879519104,4326.7030259686135,4045.1013713295715
738462,2022-11-03,4164.205311418278,4327.458024399838,4045.807231004055
738463,2022-11-04,4164.931827645632,4328.2130228311835,4046.513090678652
738464,2022-11-05,4165.65834387287,4328.968021262408,4047.2189503531354
738465,2022-11-06,4166.384860100108,4329.7230196936325,4047.924810027619
738466,2022-11-07,4167.1113763274625,4330.478018124978,4048.630669702216
738467,2022-11-08,4167.8378925547,4331.2330165562025,4049.3365293766997
738468,2022-11-09,4168.564408782055,4331.988014987548,4050.0423890512966
738469,2022-11-10,4169.290925009293,4332.743013418772,4050.74824872578
738470,2022-11-11,4170.01744123653,4333.498011849996,4051.4541084002635
738471,2022-11-12,4170.743957463885,4334.253010281342,4052.1599680748604
738472,2022-11-13,4171.470473691123,4335.008008712566,4052.865827749344
738473,2022-11-14,4172.1969899183605,4335.763007143791,4053.571687423828
738474,2022-11-15,4172.923506145715,4336.518005575136,4054.2775470984243
738475,2022-11-16,4173.650022372953,4337.273004006361,4054.983406772908
738476,2022-11-17,4174.376538600307,4338.028002437706,4055.689266447505
738477,2022-11-18,4175.103054827545,4338.783000868931,4056.3951261219886
738478,2022-11-19,4175.829571054783,4339.537999300155,4057.1009857964723
738479,2022-11-20,4176.556087282137,4340.292997731501,4057.8068454710688
738480,2022-11-21,4177.282603509375,4341.047996162724,4058.5127051455524
738481,2022-11-22,4178.009119736729,4341.80299459407,4059.2185648201494
738482,2022-11-23,4178.735635963967,4342.557993025294,4059.924424494633
738483,2022-11-24,4179.462152191205,4343.312991456519,4060.6302841691167
738484,2022-11-25,4180.188668418559,4344.067989887864,4061.3361438437137
738485,2022-11-26,4180.915184645797,4344.822988319089,4062.042003518197
738486,2022-11-27,4181.641700873035,4345.577986750313,4062.7478631926806
738487,2022-11-28,4182.368217100389,4346.332985181659,4063.4537228672775
738488,2022-11-29,4183.094733327627,4347.087983612883,4064.159582541761
738489,2022-11-30,4183.8212495549815,4347.842982044229,4064.865442216358
738490,2022-12-01,4184.547765782219,4348.597980475453,4065.5713018908414
738491,2022-12-02,4185.274282009457,4349.352978906678,4066.277161565325
738492,2022-12-03,4186.0007982368115,4350.1079773380225,4066.983021239922
738493,2022-12-04,4186.727314464049,4350.862975769247,4067.6888809144057
738494,2022-12-05,4187.453830691404,4351.6179742005925,4068.3947405890026
738495,2022-12-06,4188.180346918642,4352.372972631817,4069.100600263486
738496,2022-12-07,4188.9068631458795,4353.1279710630415,4069.8064599379695
738497,2022-12-08,4189.633379373234,4353.882969494387,4070.5123196125664
738498,2022-12-09,4190.359895600472,4354.6379679256115,4071.21817928705
738499,2022-12-10,4191.0864118277095,4355.392966356836,4071.924038961534
738500,2022-12-11,4191.812928055064,4356.1479647881815,4072.6298986361303
738501,2022-12-12,4192.539444282302,4356.902963219406,4073.335758310614
738502,2022-12-13,4193.265960509656,4357.6579616507515,4074.041617985211
738503,2022-12-14,4193.992476736894,4358.412960081975,4074.7474776596946
738504,2022-12-15,4194.718992964132,4359.1679585132,4075.4533373341783
738505,2022-12-16,4195.445509191486,4359.922956944545,4076.159197008775
738506,2022-12-17,4196.172025418724,4360.67795537577,4076.8650566832584
738507,2022-12-18,4196.898541645962,4361.432953806994,4077.570916357742
738508,2022-12-19,4197.625057873316,4362.18795223834,4078.276776032339
738509,2022-12-20,4198.351574100554,4362.942950669564,4078.9826357068227
738510,2022-12-21,4199.078090327908,4363.69794910091,4079.6884953814197
738511,2022-12-22,4199.804606555146,4364.452947532134,4080.394355055903
738512,2022-12-23,4200.531122782384,4365.207945963359,4081.1002147303866
738513,2022-12-24,4201.257639009738,4365.962944394704,4081.8060744049835
738514,2022-12-25,4201.984155236976,4366.717942825928,4082.511934079467
738515,2022-12-26,4202.7106714643305,4367.472941257273,4083.217793754064
738516,2022-12-27,4203.437187691568,4368.227939688498,4083.9236534285474
738517,2022-12-28,4204.163703918806,4368.982938119722,4084.629513103031
738518,2022-12-29,4204.890220146161,4369.737936551068,4085.335372777628
738519,2022-12-30,4205.616736373398,4370.492934982292,4086.0412324521117
738520,2022-12-31,4206.343252600636,4371.247933413517,4086.7470921265954
738521,2023-01-01,4207.069768827991,4372.002931844862,4087.452951801192
738522,2023-01-02,4207.7962850552285,4372.757930276087,4088.1588114756755
738523,2023-01-03,4208.522801282583,4373.512928707432,4088.8646711502724
738524,2023-01-04,4209.249317509821,4374.267927138657,4089.570530824756
738525,2023-01-05,4209.975833737059,4375.022925569881,4090.27639049924
738526,2023-01-06,4210.702349964413,4375.777924001226,4090.9822501738367
738527,2023-01-07,4211.428866191651,4376.5329224324505,4091.68810984832
738528,2023-01-08,4212.155382419005,4377.287920863796,4092.393969522917
738529,2023-01-09,4212.881898646243,4378.0429192950205,4093.0998291974006
738530,2023-01-10,4213.608414873481,4378.797917726245,4093.8056888718843
738531,2023-01-11,4214.334931100835,4379.5529161575905,4094.511548546481
738532,2023-01-12,4215.061447328073,4380.307914588815,4095.2174082209644
738533,2023-01-13,4215.787963555311,4381.06291302004,4095.923267895448
738534,2023-01-14,4216.514479782665,4381.817911451385,4096.629127570045
738535,2023-01-15,4217.240996009903,4382.57290988261,4097.334987244529
738536,2023-01-16,4217.967512237257,4383.327908313955,4098.040846919125
738537,2023-01-17,4218.694028464495,4384.082906745179,4098.746706593609
738538,2023-01-18,4219.420544691733,4384.837905176403,4099.452566268093
738539,2023-01-19,4220.147060919087,4385.592903607749,4100.15842594269
738540,2023-01-20,4220.873577146325,4386.347902038973,4100.864285617173
738541,2023-01-21,4221.60009337368,4387.102900470319,4101.57014529177
738542,2023-01-22,4222.326609600917,4387.857898901543,4102.276004966254
738543,2023-01-23,4223.053125828155,4388.612897332768,4102.9818646407375
738544,2023-01-24,4223.77964205551,4389.367895764113,4103.687724315334
738545,2023-01-25,4224.5061582827475,4390.122894195338,4104.393583989818
738546,2023-01-26,4225.232674509985,4390.877892626562,4105.099443664301
738547,2023-01-27,4225.95919073734,4391.632891057908,4105.805303338898
738548,2023-01-28,4226.685706964578,4392.387889489131,4106.5111630133815
738549,2023-01-29,4227.412223191932,4393.142887920477,4107.217022687979
738550,2023-01-30,4228.13873941917,4393.897886351701,4107.922882362462
738551,2023-01-31,4228.865255646408,4394.652884782926,4108.628742036945
738552,2023-02-01,4229.591771873762,4395.407883214271,4109.334601711543
738553,2023-02-02,4230.318288101,4396.162881645496,4110.040461386026
738554,2023-02-03,4231.044804328354,4396.917880076841,4110.746321060623
738555,2023-02-04,4231.771320555592,4397.672878508066,4111.452180735107
738556,2023-02-05,4232.49783678283,4398.42787693929,4112.15804040959
738557,2023-02-06,4233.224353010184,4399.182875370636,4112.863900084187
738558,2023-02-07,4233.950869237422,4399.93787380186,4113.56975975867
738559,2023-02-08,4234.67738546466,4400.692872233085,4114.275619433154
738560,2023-02-09,4235.403901692014,4401.4478706644295,4114.9814791077515
738561,2023-02-10,4236.130417919252,4402.202869095654,4115.687338782234
738562,2023-02-11,4236.856934146606,4402.9578675269995,4116.393198456832
738563,2023-02-12,4237.583450373844,4403.712865958224,4117.099058131315
738564,2023-02-13,4238.309966601082,4404.467864389449,4117.804917805799
738565,2023-02-14,4239.036482828436,4405.222862820794,4118.5107774803955
738566,2023-02-15,4239.762999055674,4405.977861252019,4119.216637154879
738567,2023-02-16,4240.489515283029,4406.732859683364,4119.922496829476
738568,2023-02-17,4241.2160315102665,4407.487858114589,4120.628356503959
738569,2023-02-18,4241.942547737504,4408.242856545813,4121.334216178443
738570,2023-02-19,4242.669063964859,4408.997854977159,4122.04007585304
738571,2023-02-20,4243.3955801920965,4409.752853408382,4122.745935527523
738572,2023-02-21,4244.122096419334,4410.507851839607,4123.451795202007
738573,2023-02-22,4244.848612646689,4411.262850270952,4124.157654876604
738574,2023-02-23,4245.575128873927,4412.017848702177,4124.863514551088
738575,2023-02-24,4246.301645101281,4412.772847133522,4125.569374225684
738576,2023-02-25,4247.028161328519,4413.527845564747,4126.275233900168
738577,2023-02-26,4247.754677555757,4414.282843995971,4126.981093574652
738578,2023-02-27,4248.481193783111,4415.037842427317,4127.686953249248
738579,2023-02-28,4249.207710010349,4415.792840858541,4128.392812923732
738580,2023-03-01,4249.934226237703,4416.547839289887,4129.098672598329
738581,2023-03-02,4250.660742464941,4417.302837721111,4129.804532272813
738582,2023-03-03,4251.387258692179,4418.057836152336,4130.510391947296
738583,2023-03-04,4252.113774919533,4418.81283458368,4131.216251621893
738584,2023-03-05,4252.840291146771,4419.567833014905,4131.922111296377
738585,2023-03-06,4253.566807374009,4420.322831446129,4132.627970970861
738586,2023-03-07,4254.293323601363,4421.077829877475,4133.333830645457
738587,2023-03-08,4255.019839828601,4421.832828308699,4134.039690319941
738588,2023-03-09,4255.746356055955,4422.587826740045,4134.745549994537
738589,2023-03-10,4256.472872283193,4423.342825171269,4135.451409669021
738590,2023-03-11,4257.199388510431,4424.097823602494,4136.157269343505
738591,2023-03-12,4257.9259047377855,4424.852822033839,4136.863129018102
738592,2023-03-13,4258.652420965023,4425.607820465064,4137.568988692585
738593,2023-03-14,4259.378937192378,4426.362818896409,4138.274848367182
738594,2023-03-15,4260.1054534196155,4427.117817327633,4138.980708041666
738595,2023-03-16,4260.831969646853,4427.8728157588575,4139.6865677161495
738596,2023-03-17,4261.558485874208,4428.627814190203,4140.392427390746
738597,2023-03-18,4262.285002101446,4429.382812621428,4141.09828706523
738598,2023-03-19,4263.011518328683,4430.137811052652,4141.804146739713
738599,2023-03-20,4263.738034556038,4430.892809483998,4142.51000641431
738600,2023-03-21,4264.464550783276,4431.647807915222,4143.2158660887935
738601,2023-03-22,4265.19106701063,4432.402806346568,4143.921725763391
738602,2023-03-23,4265.917583237868,4433.157804777792,4144.627585437875
738603,2023-03-24,4266.644099465106,4433.912803209017,4145.333445112357
738604,2023-03-25,4267.37061569246,4434.667801640362,4146.039304786955
738605,2023-03-26,4268.097131919698,4435.422800071586,4146.745164461438
738606,2023-03-27,4268.823648147052,4436.177798502931,4147.451024136035
738607,2023-03-28,4269.55016437429,4436.932796934156,4148.156883810519
738608,2023-03-29,4270.276680601528,4437.68779536538,4148.862743485002
738609,2023-03-30,4271.003196828882,4438.442793796726,4149.568603159599
738610,2023-03-31,4271.72971305612,4439.19779222795,4150.274462834082
738611,2023-04-01,4272.456229283358,4439.952790659175,4150.980322508566
738612,2023-04-02,4273.182745510712,4440.70778909052,4151.6861821831635
738613,2023-04-03,4273.90926173795,4441.462787521745,4152.392041857646
738614,2023-04-04,4274.635777965304,4442.21778595309,4153.097901532244
738615,2023-04-05,4275.362294192542,4442.972784384315,4153.803761206727
738616,2023-04-06,4276.08881041978,4443.727782815539,4154.509620881211
738617,2023-04-07,4276.8153266471345,4444.482781246884,4155.2154805558075
738618,2023-04-08,4277.541842874372,4445.237779678108,4155.921340230291
738619,2023-04-09,4278.268359101727,4445.992778109454,4156.627199904888
738620,2023-04-10,4278.994875328965,4446.747776540678,4157.333059579371
738621,2023-04-11,4279.721391556202,4447.502774971903,4158.038919253855
738622,2023-04-12,4280.447907783557,4448.257773403248,4158.744778928452
738623,2023-04-13,4281.174424010795,4449.012771834473,4159.450638602936
738624,2023-04-14,4281.9009402380325,4449.767770265697,4160.156498277419
738625,2023-04-15,4282.627456465387,4450.522768697043,4160.862357952016
738626,2023-04-16,4283.353972692625,4451.277767128267,4161.5682176265
738627,2023-04-17,4284.080488919979,4452.032765559613,4162.274077301096
738628,2023-04-18,4284.807005147217,4452.7877639908365,4162.97993697558
738629,2023-04-19,4285.533521374455,4453.542762422061,4163.685796650064
738630,2023-04-20,4286.260037601809,4454.2977608534065,4164.39165632466
738631,2023-04-21,4286.986553829047,4455.052759284631,4165.097515999144
738632,2023-04-22,4287.713070056401,4455.807757715977,4165.803375673741
738633,2023-04-23,4288.439586283639,4456.562756147201,4166.509235348225
738634,2023-04-24,4289.166102510877,4457.317754578426,4167.215095022708
738635,2023-04-25,4289.892618738231,4458.072753009771,4167.920954697305
738636,2023-04-26,4290.619134965469,4458.827751440996,4168.626814371789
738637,2023-04-27,4291.345651192707,4459.58274987222,4169.332674046273
738638,2023-04-28,4292.072167420061,4460.337748303566,4170.038533720869
738639,2023-04-29,4292.798683647299,4461.09274673479,4170.744393395353
738640,2023-04-30,4293.5251998746535,4461.847745166135,4171.450253069949
738641,2023-05-01,4294.251716101891,4462.602743597359,4172.156112744433
738642,2023-05-02,4294.978232329129,4463.357742028584,4172.861972418917
738643,2023-05-03,4295.7047485564835,4464.112740459929,4173.567832093514
738644,2023-05-04,4296.431264783721,4464.867738891154,4174.273691767998
738645,2023-05-05,4297.157781011076,4465.622737322499,4174.979551442594
738646,2023-05-06,4297.884297238314,4466.377735753724,4175.685411117078
738647,2023-05-07,4298.6108134655515,4467.132734184948,4176.3912707915615
738648,2023-05-08,4299.337329692906,4467.887732616294,4177.097130466158
738649,2023-05-09,4300.063845920144,4468.642731047518,4177.802990140642
738650,2023-05-10,4300.7903621473815,4469.397729478743,4178.508849815125
738651,2023-05-11,4301.516878374736,4470.152727910087,4179.214709489722
738652,2023-05-12,4302.243394601974,4470.907726341312,4179.9205691642055
738653,2023-05-13,4302.969910829328,4471.662724772657,4180.626428838803
738654,2023-05-14,4303.696427056566,4472.417723203882,4181.332288513287
738655,2023-05-15,4304.422943283804,4473.172721635106,4182.038148187769
738656,2023-05-16,4305.149459511158,4473.927720066452,4182.744007862367
738657,2023-05-17,4305.875975738396,4474.682718497676,4183.44986753685
738658,2023-05-18,4306.60249196575,4475.437716929022,4184.155727211447
738659,2023-05-19,4307.329008192988,4476.192715360246,4184.861586885931
738660,2023-05-20,4308.055524420226,4476.947713791471,4185.567446560414
738661,2023-05-21,4308.78204064758,4477.702712222816,4186.273306235011
738662,2023-05-22,4309.508556874818,4478.45771065404,4186.979165909494
738663,2023-05-23,4310.235073102056,4479.212709085265,4187.685025583978
738664,2023-05-24,4310.96158932941,4479.96770751661,4188.3908852585755
738665,2023-05-25,4311.688105556648,4480.722705947835,4189.096744933059
738666,2023-05-26,4312.4146217840025,4481.47770437918,4189.802604607656
738667,2023-05-27,4313.14113801124,4482.232702810405,4190.508464282139
738668,2023-05-28,4313.867654238478,4482.987701241629,4191.214323956623
738669,2023-05-29,4314.594170465833,4483.742699672975,4191.9201836312195
738670,2023-05-30,4315.3206866930705,4484.497698104199,4192.626043305703
738671,2023-05-31,4316.047202920308,4485.252696535424,4193.331902980187
738672,2023-06-01,4316.773719147663,4486.007694966769,4194.037762654783
738673,2023-06-02,4317.5002353749005,4486.762693397994,4194.743622329267
738674,2023-06-03,4318.226751602255,4487.517691829338,4195.449482003864
738675,2023-06-04,4318.953267829493,4488.272690260563,4196.155341678348
738676,2023-06-05,4319.679784056731,4489.027688691787,4196.861201352831
738677,2023-06-06,4320.406300284085,4489.782687123133,4197.567061027428
738678,2023-06-07,4321.132816511323,4490.537685554357,4198.272920701912
738679,2023-06-08,4321.859332738677,4491.292683985703,4198.978780376508
738680,2023-06-09,4322.585848965915,4492.047682416927,4199.684640050992
738681,2023-06-10,4323.312365193153,4492.802680848152,4200.390499725476
738682,2023-06-11,4324.038881420507,4493.557679279497,4201.096359400072
738683,2023-06-12,4324.765397647745,4494.312677710722,4201.802219074556
738684,2023-06-13,4325.491913874983,4495.067676141946,4202.50807874904
738685,2023-06-14,4326.218430102337,4495.822674573291,4203.213938423637
738686,2023-06-15,4326.944946329575,4496.577673004515,4203.919798098121
738687,2023-06-16,4327.671462556929,4497.332671435861,4204.625657772717
738688,2023-06-17,4328.397978784167,4498.087669867085,4205.331517447201
738689,2023-06-18,4329.124495011405,4498.84266829831,4206.037377121685
738690,2023-06-19,4329.851011238759,4499.597666729655,4206.743236796281
738691,2023-06-20,4330.577527465997,4500.35266516088,4207.449096470765
738692,2023-06-21,4331.304043693352,4501.107663592225,4208.154956145361
738693,2023-06-22,4332.030559920589,4501.86266202345,4208.860815819845
738694,2023-06-23,4332.757076147827,4502.6176604546745,4209.566675494329
738695,2023-06-24,4333.483592375182,4503.37265888602,4210.272535168926
738696,2023-06-25,4334.2101086024195,4504.1276573172445,4210.97839484341
738697,2023-06-26,4334.936624829657,4504.882655748468,4211.684254517892
738698,2023-06-27,4335.663141057012,4505.637654179814,4212.39011419249
738699,2023-06-28,4336.38965728425,4506.392652611038,4213.0959738669735
738700,2023-06-29,4337.116173511604,4507.147651042384,4213.80183354157
738701,2023-06-30,4337.842689738842,4507.902649473608,4214.507693216054
738702,2023-07-01,4338.56920596608,4508.657647904833,4215.213552890537
738703,2023-07-02,4339.295722193434,4509.412646336178,4215.919412565134
738704,2023-07-03,4340.022238420672,4510.167644767403,4216.6252722396175
738705,2023-07-04,4340.748754648026,4510.922643198748,4217.331131914215
738706,2023-07-05,4341.475270875264,4511.677641629973,4218.036991588699
738707,2023-07-06,4342.201787102502,4512.432640061197,4218.742851263182
738708,2023-07-07,4342.928303329856,4513.187638492542,4219.448710937779
738709,2023-07-08,4343.654819557094,4513.942636923766,4220.154570612262
738710,2023-07-09,4344.381335784332,4514.697635354991,4220.860430286746
738711,2023-07-10,4345.107852011686,4515.452633786336,4221.566289961343
738712,2023-07-11,4345.834368238924,4516.207632217561,4222.272149635826
738713,2023-07-12,4346.560884466278,4516.962630648906,4222.978009310423
738714,2023-07-13,4347.287400693516,4517.717629080131,4223.683868984906
738715,2023-07-14,4348.013916920754,4518.472627511355,4224.38972865939
738716,2023-07-15,4348.740433148108,4519.227625942701,4225.0955883339875
738717,2023-07-16,4349.466949375346,4519.982624373925,4225.801448008471
738718,2023-07-17,4350.193465602701,4520.737622805271,4226.507307683068
738719,2023-07-18,4350.9199818299385,4521.492621236494,4227.213167357551
738720,2023-07-19,4351.646498057176,4522.247619667719,4227.919027032035
738721,2023-07-20,4352.373014284531,4523.002618099064,4228.6248867066315
738722,2023-07-21,4353.0995305117685,4523.757616530289,4229.330746381115
738723,2023-07-22,4353.826046739006,4524.5126149615135,4230.036606055599
738724,2023-07-23,4354.552562966361,4525.267613392859,4230.742465730195
738725,2023-07-24,4355.279079193599,4526.0226118240835,4231.448325404679
738726,2023-07-25,4356.005595420953,4526.777610255429,4232.154185079276
738727,2023-07-26,4356.732111648191,4527.5326086866535,4232.86004475376
738728,2023-07-27,4357.458627875429,4528.287607117878,4233.565904428244
738729,2023-07-28,4358.185144102783,4529.0426055492235,4234.27176410284
738730,2023-07-29,4358.911660330021,4529.797603980448,4234.977623777324
738731,2023-07-30,4359.638176557375,4530.552602411793,4235.68348345192
738732,2023-07-31,4360.364692784613,4531.307600843017,4236.389343126404
738733,2023-08-01,4361.091209011851,4532.062599274242,4237.095202800888
738734,2023-08-02,4361.817725239205,4532.817597705587,4237.801062475484
738735,2023-08-03,4362.544241466443,4533.572596136812,4238.506922149968
738736,2023-08-04,4363.270757693681,4534.327594568036,4239.212781824452
738737,2023-08-05,4363.997273921035,4535.082592999382,4239.918641499049
738738,2023-08-06,4364.723790148273,4535.837591430606,4240.624501173533
738739,2023-08-07,4365.450306375627,4536.592589861952,4241.330360848129
738740,2023-08-08,4366.176822602865,4537.347588293176,4242.036220522613
738741,2023-08-09,4366.903338830103,4538.102586724401,4242.742080197097
738742,2023-08-10,4367.6298550574575,4538.857585155745,4243.447939871693
738743,2023-08-11,4368.356371284695,4539.61258358697,4244.153799546177
738744,2023-08-12,4369.08288751205,4540.367582018315,4244.859659220773
738745,2023-08-13,4369.8094037392875,4541.12258044954,4245.565518895257
738746,2023-08-14,4370.535919966525,4541.877578880764,4246.271378569741
738747,2023-08-15,4371.26243619388,4542.63257731211,4246.977238244338
738748,2023-08-16,4371.988952421118,4543.387575743334,4247.683097918822
738749,2023-08-17,4372.715468648355,4544.142574174559,4248.388957593305
738750,2023-08-18,4373.44198487571,4544.897572605904,4249.094817267902
738751,2023-08-19,4374.168501102948,4545.652571037129,4249.8006769423855
738752,2023-08-20,4374.895017330302,4546.407569468474,4250.506536616982
738753,2023-08-21,4375.62153355754,4547.162567899698,4251.212396291466
738754,2023-08-22,4376.348049784778,4547.917566330922,4251.918255965949
738755,2023-08-23,4377.074566012132,4548.672564762268,4252.624115640546
738756,2023-08-24,4377.80108223937,4549.4275631934925,4253.3299753150295
738757,2023-08-25,4378.527598466724,4550.182561624838,4254.035834989627
738758,2023-08-26,4379.254114693962,4550.9375600560625,4254.741694664111
738759,2023-08-27,4379.9806309212,4551.692558487287,4255.447554338594
738760,2023-08-28,4380.707147148554,4552.4475569186325,4256.153414013191
738761,2023-08-29,4381.433663375792,4553.202555349857,4256.859273687674
738762,2023-08-30,4382.16017960303,4553.9575537810815,4257.565133362158
738763,2023-08-31,4382.886695830384,4554.712552212427,4258.270993036755
738764,2023-09-01,4383.613212057622,4555.4675506436515,4258.976852711238
738765,2023-09-02,4384.339728284976,4556.222549074996,4259.682712385835
738766,2023-09-03,4385.066244512214,4556.977547506221,4260.388572060318
738767,2023-09-04,4385.792760739452,4557.732545937445,4261.094431734802
738768,2023-09-05,4386.5192769668065,4558.487544368791,4261.8002914093995
738769,2023-09-06,4387.245793194044,4559.242542800015,4262.506151083883
738770,2023-09-07,4387.972309421399,4559.997541231361,4263.21201075848
738771,2023-09-08,4388.698825648637,4560.752539662585,4263.917870432963
738772,2023-09-09,4389.425341875874,4561.50753809381,4264.623730107447
738773,2023-09-10,4390.151858103229,4562.262536525155,4265.3295897820435
738774,2023-09-11,4390.878374330467,4563.01753495638,4266.035449456527
738775,2023-09-12,4391.6048905577045,4563.772533387604,4266.741309131011
738776,2023-09-13,4392.331406785059,4564.527531818949,4267.447168805607
738777,2023-09-14,4393.057923012297,4565.282530250173,4268.153028480091
738778,2023-09-15,4393.784439239651,4566.037528681519,4268.858888154688
738779,2023-09-16,4394.510955466889,4566.792527112743,4269.564747829172
738780,2023-09-17,4395.237471694127,4567.547525543968,4270.270607503656
738781,2023-09-18,4395.963987921481,4568.302523975313,4270.976467178252
738782,2023-09-19,4396.690504148719,4569.057522406538,4271.682326852736
738783,2023-09-20,4397.417020376073,4569.812520837883,4272.388186527332
738784,2023-09-21,4398.143536603311,4570.567519269108,4273.094046201816
738785,2023-09-22,4398.870052830549,4571.322517700332,4273.7999058763
738786,2023-09-23,4399.596569057903,4572.077516131678,4274.505765550896
738787,2023-09-24,4400.323085285141,4572.832514562902,4275.21162522538
738788,2023-09-25,4401.049601512379,4573.587512994126,4275.917484899864
738789,2023-09-26,4401.776117739733,4574.3425114254715,4276.623344574461
738790,2023-09-27,4402.502633966971,4575.097509856696,4277.329204248945
738791,2023-09-28,4403.2291501943255,4575.8525082880415,4278.035063923541
738792,2023-09-29,4403.955666421563,4576.607506719266,4278.740923598025
738793,2023-09-30,4404.682182648801,4577.3625051504905,4279.446783272509
738794,2023-10-01,4405.4086988761555,4578.117503581836,4280.152642947105
738795,2023-10-02,4406.135215103393,4578.8725020130605,4280.858502621589
738796,2023-10-03,4406.861731330748,4579.627500444406,4281.564362296185
738797,2023-10-04,4407.588247557986,4580.3824988756305,4282.270221970669
738798,2023-10-05,4408.3147637852235,4581.137497306855,4282.976081645153
738799,2023-10-06,4409.041280012578,4581.8924957382,4283.68194131975
738800,2023-10-07,4409.767796239816,4582.647494169424,4284.387800994234
738801,2023-10-08,4410.4943124670535,4583.402492600649,4285.093660668717
738802,2023-10-09,4411.220828694408,4584.157491031994,4285.799520343314
738803,2023-10-10,4411.947344921646,4584.912489463219,4286.5053800177975
738804,2023-10-11,4412.673861149,4585.667487894564,4287.211239692394
738805,2023-10-12,4413.400377376238,4586.422486325789,4287.917099366878
738806,2023-10-13,4414.126893603476,4587.177484757013,4288.622959041361
738807,2023-10-14,4414.85340983083,4587.932483188359,4289.328818715958
738808,2023-10-15,4415.579926058068,4588.687481619583,4290.0346783904415
738809,2023-10-16,4416.306442285422,4589.442480050929,4290.740538065039
738810,2023-10-17,4417.03295851266,4590.197478482152,4291.446397739523
738811,2023-10-18,4417.759474739898,4590.952476913377,4292.152257414006
738812,2023-10-19,4418.485990967252,4591.707475344722,4292.858117088603
738813,2023-10-20,4419.21250719449,4592.462473775947,4293.563976763086
738814,2023-10-21,4419.939023421728,4593.217472207171,4294.26983643757
738815,2023-10-22,4420.665539649082,4593.972470638517,4294.975696112167
738816,2023-10-23,4421.39205587632,4594.727469069741,4295.68155578665
738817,2023-10-24,4422.1185721036745,4595.482467501087,4296.387415461247
738818,2023-10-25,4422.845088330912,4596.237465932311,4297.09327513573
738819,2023-10-26,4423.57160455815,4596.992464363536,4297.799134810214
738820,2023-10-27,4424.298120785505,4597.747462794881,4298.5049944848115
738821,2023-10-28,4425.0246370127425,4598.502461226106,4299.210854159295
738822,2023-10-29,4425.751153240097,4599.25745965745,4299.916713833892
738823,2023-10-30,4426.477669467335,4600.012458088675,4300.622573508375
738824,2023-10-31,4427.2041856945725,4600.7674565198995,4301.328433182859
738825,2023-11-01,4427.930701921927,4601.522454951245,4302.0342928574555
738826,2023-11-02,4428.657218149165,4602.2774533824695,4302.740152531939
738827,2023-11-03,4429.383734376403,4603.032451813694,4303.446012206423
738828,2023-11-04,4430.110250603757,4603.7874502450395,4304.151871881019
738829,2023-11-05,4430.836766830995,4604.542448676264,4304.857731555503
738830,2023-11-06,4431.563283058349,4605.2974471076095,4305.5635912301
738831,2023-11-07,4432.289799285587,4606.052445538834,4306.269450904584
738832,2023-11-08,4433.016315512825,4606.807443970059,4306.975310579068
738833,2023-11-09,4433.742831740179,4607.562442401403,4307.681170253664
738834,2023-11-10,4434.469347967417,4608.317440832628,4308.387029928148
738835,2023-11-11,4435.195864194655,4609.072439263852,4309.092889602632
738836,2023-11-12,4435.922380422009,4609.827437695198,4309.798749277228
738837,2023-11-13,4436.648896649247,4610.582436126422,4310.504608951712
738838,2023-11-14,4437.375412876601,4611.337434557768,4311.210468626308
738839,2023-11-15,4438.101929103839,4612.092432988992,4311.916328300792
738840,2023-11-16,4438.828445331077,4612.847431420217,4312.622187975276
738841,2023-11-17,4439.554961558431,4613.602429851562,4313.328047649873
738842,2023-11-18,4440.281477785669,4614.357428282787,4314.033907324357
738843,2023-11-19,4441.007994013024,4615.112426714132,4314.739766998953
738844,2023-11-20,4441.734510240261,4615.867425145357,4315.445626673437
738845,2023-11-21,4442.461026467499,4616.62242357658,4316.151486347921
738846,2023-11-22,4443.187542694854,4617.377422007926,4316.857346022517
738847,2023-11-23,4443.9140589220915,4618.13242043915,4317.563205697001
738848,2023-11-24,4444.640575149329,4618.887418870375,4318.269065371484
738849,2023-11-25,4445.367091376684,4619.64241730172,4318.974925046081
738850,2023-11-26,4446.093607603922,4620.397415732945,4319.680784720565
738851,2023-11-27,4446.820123831276,4621.15241416429,4320.386644395162
738852,2023-11-28,4447.546640058514,4621.907412595515,4321.092504069646
738853,2023-11-29,4448.273156285752,4622.662411026739,4321.798363744129
738854,2023-11-30,4448.999672513106,4623.417409458085,4322.504223418726
738855,2023-12-01,4449.726188740344,4624.172407889309,4323.2100830932095
738856,2023-12-02,4450.452704967698,4624.927406320654,4323.915942767806
738857,2023-12-03,4451.179221194936,4625.6824047518785,4324.62180244229
738858,2023-12-04,4451.905737422174,4626.437403183103,4325.327662116773
738859,2023-12-05,4452.632253649528,4627.1924016144485,4326.03352179137
738860,2023-12-06,4453.358769876766,4627.947400045673,4326.7393814658535
738861,2023-12-07,4454.085286104004,4628.7023984768975,4327.445241140337
738862,2023-12-08,4454.811802331358,4629.457396908243,4328.151100814935
738863,2023-12-09,4455.538318558596,4630.212395339468,4328.856960489418
738864,2023-12-10,4456.26483478595,4630.967393770813,4329.562820164015
738865,2023-12-11,4456.991351013188,4631.722392202038,4330.268679838498
738866,2023-12-12,4457.717867240426,4632.477390633262,4330.974539512982
738867,2023-12-13,4458.44438346778,4633.232389064607,4331.680399187579
738868,2023-12-14,4459.170899695018,4633.987387495831,4332.386258862062
738869,2023-12-15,4459.897415922373,4634.742385927177,4333.092118536659
738870,2023-12-16,4460.6239321496105,4635.497384358401,4333.797978211142
738871,2023-12-17,4461.350448376848,4636.252382789626,4334.503837885626
738872,2023-12-18,4462.076964604203,4637.007381220971,4335.2096975602235
738873,2023-12-19,4462.8034808314405,4637.762379652196,4335.915557234707
738874,2023-12-20,4463.529997058678,4638.51737808342,4336.621416909191
738875,2023-12-21,4464.256513286033,4639.272376514766,4337.327276583787
738876,2023-12-22,4464.983029513271,4640.02737494599,4338.033136258271
738877,2023-12-23,4465.709545740625,4640.782373377336,4338.7389959328675
738878,2023-12-24,4466.436061967863,4641.53737180856,4339.444855607351
738879,2023-12-25,4467.162578195101,4642.292370239784,4340.150715281835
738880,2023-12-26,4467.889094422455,4643.047368671129,4340.856574956431
738881,2023-12-27,4468.615610649693,4643.802367102354,4341.562434630915
738882,2023-12-28,4469.342126877047,4644.557365533699,4342.268294305512
738883,2023-12-29,4470.068643104285,4645.312363964924,4342.974153979996
738884,2023-12-30,4470.795159331523,4646.067362396148,4343.68001365448
738885,2023-12-31,4471.521675558877,4646.822360827494,4344.385873329076
738886,2024-01-01,4472.248191786115,4647.577359258718,4345.09173300356
738887,2024-01-02,4472.974708013353,4648.332357689943,4345.797592678044
738888,2024-01-03,4473.701224240707,4649.087356121288,4346.50345235264
738889,2024-01-04,4474.427740467945,4649.842354552513,4347.209312027124
738890,2024-01-05,4475.154256695299,4650.5973529838575,4347.91517170172
738891,2024-01-06,4475.880772922537,4651.352351415082,4348.621031376204
738892,2024-01-07,4476.607289149775,4652.1073498463065,4349.326891050688
738893,2024-01-08,4477.3338053771295,4652.862348277652,4350.032750725285
738894,2024-01-09,4478.060321604367,4653.6173467088765,4350.738610399769
738895,2024-01-10,4478.786837831722,4654.372345140222,4351.444470074365
738896,2024-01-11,4479.5133540589595,4655.1273435714465,4352.150329748849
738897,2024-01-12,4480.239870286197,4655.882342002671,4352.856189423333
738898,2024-01-13,4480.966386513552,4656.637340434017,4353.562049097929
738899,2024-01-14,4481.69290274079,4657.392338865241,4354.267908772413
738900,2024-01-15,4482.4194189680275,4658.147337296466,4354.973768446896
738901,2024-01-16,4483.145935195382,4658.902335727811,4355.679628121493
738902,2024-01-17,4483.87245142262,4659.657334159035,4356.385487795977
738903,2024-01-18,4484.598967649974,4660.41233259038,4357.091347470574
738904,2024-01-19,4485.325483877212,4661.167331021605,4357.797207145058
738905,2024-01-20,4486.05200010445,4661.922329452829,4358.503066819541
738906,2024-01-21,4486.778516331804,4662.677327884175,4359.208926494138
738907,2024-01-22,4487.505032559042,4663.432326315399,4359.9147861686215
738908,2024-01-23,4488.231548786396,4664.187324746745,4360.620645843218
738909,2024-01-24,4488.958065013634,4664.942323177969,4361.326505517702
738910,2024-01-25,4489.684581240872,4665.697321609194,4362.032365192185
738911,2024-01-26,4490.411097468226,4666.452320040539,4362.738224866782
738912,2024-01-27,4491.137613695464,4667.207318471764,4363.4440845412655
738913,2024-01-28,4491.864129922702,4667.962316902987,4364.149944215749
738914,2024-01-29,4492.590646150056,4668.717315334333,4364.855803890347
738915,2024-01-30,4493.317162377294,4669.472313765557,4365.56166356483
738916,2024-01-31,4494.043678604648,4670.227312196903,4366.267523239427
738917,2024-02-01,4494.770194831886,4670.982310628127,4366.97338291391
738918,2024-02-02,4495.496711059124,4671.737309059352,4367.679242588394
738919,2024-02-03,4496.2232272864785,4672.492307490697,4368.385102262991
738920,2024-02-04,4496.949743513716,4673.247305921922,4369.090961937474
738921,2024-02-05,4497.676259741071,4674.002304353267,4369.796821612071
738922,2024-02-06,4498.402775968309,4674.757302784492,4370.502681286554
738923,2024-02-07,4499.129292195546,4675.512301215716,4371.208540961038
738924,2024-02-08,4499.855808422901,4676.267299647061,4371.9144006356355
738925,2024-02-09,4500.582324650139,4677.0222980782855,4372.620260310119
738926,2024-02-10,4501.3088408773765,4677.77729650951,4373.326119984603
738927,2024-02-11,4502.035357104731,4678.5322949408555,4374.031979659199
738928,2024-02-12,4502.761873331969,4679.28729337208,4374.737839333683
738929,2024-02-13,4503.488389559323,4680.0422918034255,4375.4436990082795
738930,2024-02-14,4504.214905786561,4680.79729023465,4376.149558682763
738931,2024-02-15,4504.941422013799,4681.552288665875,4376.855418357247
738932,2024-02-16,4505.667938241153,4682.30728709722,4377.561278031843
738933,2024-02-17,4506.394454468391,4683.062285528445,4378.267137706327
738934,2024-02-18,4507.120970695745,4683.81728395979,4378.972997380924
738935,2024-02-19,4507.847486922983,4684.572282391015,4379.678857055408
738936,2024-02-20,4508.574003150221,4685.327280822238,4380.384716729892
738937,2024-02-21,4509.300519377575,4686.082279253584,4381.090576404488
738938,2024-02-22,4510.027035604813,4686.837277684808,4381.796436078972
738939,2024-02-23,4510.753551832051,4687.592276116033,4382.502295753456
738940,2024-02-24,4511.480068059405,4688.347274547378,4383.208155428052
738941,2024-02-25,4512.206584286643,4689.102272978603,4383.914015102536
738942,2024-02-26,4512.9331005139975,4689.857271409948,4384.619874777132
738943,2024-02-27,4513.659616741235,4690.612269841173,4385.325734451616
738944,2024-02-28,4514.386132968473,4691.367268272397,4386.0315941261
738945,2024-02-29,4515.1126491958275,4692.122266703743,4386.737453800697
738946,2024-03-01,4515.839165423065,4692.877265134967,4387.443313475181
738947,2024-03-02,4516.56568165042,4693.632263566312,4388.149173149777
738948,2024-03-03,4517.292197877658,4694.387261997536,4388.855032824261
738949,2024-03-04,4518.0187141048955,4695.142260428761,4389.560892498745
738950,2024-03-05,4518.74523033225,4695.897258860106,4390.266752173341
738951,2024-03-06,4519.471746559488,4696.652257291331,4390.972611847825
738952,2024-03-07,4520.1982627867255,4697.407255722555,4391.678471522308
738953,2024-03-08,4520.92477901408,4698.162254153901,4392.384331196905
738954,2024-03-09,4521.651295241318,4698.917252585125,4393.090190871389
738955,2024-03-10,4522.377811468672,4699.672251016471,4393.796050545986
738956,2024-03-11,4523.10432769591,4700.427249447695,4394.50191022047
738957,2024-03-12,4523.830843923148,4701.18224787892,4395.207769894953
738958,2024-03-13,4524.557360150502,4701.9372463102645,4395.91362956955
738959,2024-03-14,4525.28387637774,4702.692244741489,4396.6194892440335
738960,2024-03-15,4526.010392605094,4703.4472431728345,4397.32534891863
738961,2024-03-16,4526.736908832332,4704.202241604059,4398.031208593114
738962,2024-03-17,4527.46342505957,4704.957240035284,4398.737068267597
738963,2024-03-18,4528.189941286924,4705.712238466629,4399.442927942194
738964,2024-03-19,4528.916457514162,4706.467236897854,4400.1487876166775
738965,2024-03-20,4529.6429737414,4707.222235329078,4400.854647291161
738966,2024-03-21,4530.369489968754,4707.977233760424,4401.560506965759
738967,2024-03-22,4531.096006195992,4708.732232191648,4402.266366640242
738968,2024-03-23,4531.8225224233465,4709.487230622994,4402.972226314839
738969,2024-03-24,4532.549038650584,4710.242229054218,4403.678085989322
738970,2024-03-25,4533.275554877822,4710.997227485442,4404.383945663806
738971,2024-03-26,4534.002071105177,4711.752225916787,4405.089805338403
738972,2024-03-27,4534.7285873324145,4712.507224348012,4405.795665012886
738973,2024-03-28,4535.455103559769,4713.262222779357,4406.501524687483
738974,2024-03-29,4536.181619787007,4714.017221210582,4407.207384361966
738975,2024-03-30,4536.9081360142445,4714.772219641806,4407.91324403645
738976,2024-03-31,4537.634652241599,4715.527218073152,4408.6191037110475
738977,2024-04-01,4538.361168468837,4716.282216504376,4409.324963385531
738978,2024-04-02,4539.087684696075,4717.037214935601,4410.030823060015
738979,2024-04-03,4539.814200923429,4717.792213366946,4410.736682734611
738980,2024-04-04,4540.540717150667,4718.547211798171,4411.442542409095
738981,2024-04-05,4541.267233378021,4719.302210229515,4412.1484020836915
738982,2024-04-06,4541.993749605259,4720.05720866074,4412.854261758175
738983,2024-04-07,4542.720265832497,4720.812207091964,4413.560121432659
738984,2024-04-08,4543.446782059851,4721.56720552331,4414.265981107255
738985,2024-04-09,4544.173298287089,4722.322203954534,4414.971840781739
738986,2024-04-10,4544.899814514443,4723.07720238588,4415.677700456336
738987,2024-04-11,4545.626330741681,4723.832200817104,4416.38356013082
738988,2024-04-12,4546.352846968919,4724.587199248329,4417.089419805304
738989,2024-04-13,4547.079363196273,4725.342197679674,4417.7952794799
738990,2024-04-14,4547.805879423511,4726.097196110899,4418.501139154384
738991,2024-04-15,4548.532395650749,4726.8521945421235,4419.206998828868
738992,2024-04-16,4549.258911878103,4727.607192973469,4419.912858503464
738993,2024-04-17,4549.985428105341,4728.362191404693,4420.618718177948
738994,2024-04-18,4550.711944332696,4729.117189836038,4421.324577852544
738995,2024-04-19,4551.438460559933,4729.872188267263,4422.030437527028
738996,2024-04-20,4552.164976787171,4730.627186698487,4422.736297201512
738997,2024-04-21,4552.891493014526,4731.382185129833,4423.442156876109
738998,2024-04-22,4553.6180092417635,4732.137183561057,4424.148016550593
738999,2024-04-23,4554.344525469001,4732.892181992282,4424.853876225076
739000,2024-04-24,4555.071041696356,4733.647180423627,4425.559735899673
739001,2024-04-25,4555.797557923594,4734.402178854852,4426.265595574157
739002,2024-04-26,4556.524074150948,4735.157177286197,4426.971455248753
739003,2024-04-27,4557.250590378186,4735.912175717422,4427.677314923237
739004,2024-04-28,4557.977106605424,4736.667174148645,4428.38317459772
739005,2024-04-29,4558.703622832778,4737.422172579991,4429.089034272317
739006,2024-04-30,4559.430139060016,4738.177171011215,4429.794893946801
739007,2024-05-01,4560.15665528737,4738.932169442561,4430.500753621398
739008,2024-05-02,4560.883171514608,4739.687167873785,4431.206613295882
739009,2024-05-03,4561.609687741846,4740.44216630501,4431.912472970365
739010,2024-05-04,4562.3362039692,4741.197164736355,4432.618332644962
739011,2024-05-05,4563.062720196438,4741.95216316758,4433.3241923194455
739012,2024-05-06,4563.789236423676,4742.707161598804,4434.030051993929
739013,2024-05-07,4564.51575265103,4743.46216003015,4434.735911668526
739014,2024-05-08,4565.242268878268,4744.217158461374,4435.441771343009
739015,2024-05-09,4565.968785105622,4744.972156892719,4436.147631017606
739016,2024-05-10,4566.69530133286,4745.727155323943,4436.8534906920895
739017,2024-05-11,4567.421817560098,4746.482153755168,4437.559350366573
739018,2024-05-12,4568.148333787452,4747.237152186513,4438.265210041171
739019,2024-05-13,4568.87485001469,4747.992150617738,4438.971069715654
739020,2024-05-14,4569.601366242045,4748.747149049083,4439.676929390251
739021,2024-05-15,4570.3278824692825,4749.502147480308,4440.382789064734
739022,2024-05-16,4571.05439869652,4750.2571459115325,4441.088648739218
739023,2024-05-17,4571.780914923875,4751.012144342878,4441.794508413815
739024,2024-05-18,4572.5074311511125,4751.7671427741025,4442.500368088298
739025,2024-05-19,4573.23394737835,4752.522141205327,4443.206227762782
739026,2024-05-20,4573.960463605705,4753.2771396366725,4443.912087437378
739027,2024-05-21,4574.686979832943,4754.032138067896,4444.617947111862
739028,2024-05-22,4575.413496060297,4754.787136499242,4445.3238067864595
739029,2024-05-23,4576.140012287535,4755.542134930466,4446.029666460943
739030,2024-05-24,4576.866528514773,4756.297133361691,4446.735526135427
739031,2024-05-25,4577.593044742127,4757.052131793036,4447.441385810023
739032,2024-05-26,4578.319560969365,4757.807130224261,4448.147245484507
739033,2024-05-27,4579.046077196719,4758.562128655606,4448.8531051591035
739034,2024-05-28,4579.772593423957,4759.317127086831,4449.558964833587
739035,2024-05-29,4580.499109651195,4760.072125518055,4450.264824508071
739036,2024-05-30,4581.225625878549,4760.827123949401,4450.970684182667
739037,2024-05-31,4581.952142105787,4761.582122380625,4451.676543857151
739038,2024-06-01,4582.678658333025,4762.337120811849,4452.382403531635
739039,2024-06-02,4583.405174560379,4763.092119243194,4453.088263206232
739040,2024-06-03,4584.131690787617,4763.847117674419,4453.794122880716
739041,2024-06-04,4584.858207014971,4764.602116105764,4454.499982555312
739042,2024-06-05,4585.584723242209,4765.357114536989,4455.205842229796
739043,2024-06-06,4586.311239469447,4766.112112968213,4455.91170190428
739044,2024-06-07,4587.0377556968015,4766.867111399559,4456.617561578876
739045,2024-06-08,4587.764271924039,4767.622109830783,4457.32342125336
739046,2024-06-09,4588.490788151394,4768.377108262129,4458.029280927956
739047,2024-06-10,4589.2173043786315,4769.132106693353,4458.73514060244
739048,2024-06-11,4589.943820605869,4769.887105124578,4459.441000276924
739049,2024-06-12,4590.670336833224,4770.642103555923,4460.146859951521
739050,2024-06-13,4591.396853060462,4771.397101987147,4460.852719626005
739051,2024-06-14,4592.1233692876995,4772.152100418371,4461.558579300488
739052,2024-06-15,4592.849885515054,4772.907098849717,4462.264438975085
739053,2024-06-16,4593.576401742292,4773.662097280941,4462.970298649569
739054,2024-06-17,4594.302917969646,4774.417095712287,4463.676158324165
739055,2024-06-18,4595.029434196884,4775.1720941435115,4464.382017998649
739056,2024-06-19,4595.755950424122,4775.927092574736,4465.087877673132
739057,2024-06-20,4596.482466651476,4776.6820910060815,4465.793737347729
739058,2024-06-21,4597.208982878714,4777.437089437306,4466.499597022213
739059,2024-06-22,4597.935499106068,4778.1920878686515,4467.20545669681
739060,2024-06-23,4598.662015333306,4778.947086299876,4467.911316371294
739061,2024-06-24,4599.388531560544,4779.7020847311,4468.617176045777
739062,2024-06-25,4600.115047787898,4780.457083162445,4469.323035720374
739063,2024-06-26,4600.841564015136,4781.21208159367,4470.0288953948575
739064,2024-06-27,4601.568080242374,4781.967080024894,4470.734755069341
739065,2024-06-28,4602.294596469728,4782.72207845624,4471.440614743938
739066,2024-06-29,4603.021112696966,4783.477076887464,4472.146474418421
739067,2024-06-30,4603.74762892432,4784.23207531881,4472.852334093018
739068,2024-07-01,4604.474145151558,4784.987073750034,4473.5581937675015
739069,2024-07-02,4605.200661378796,4785.742072181259,4474.264053441985
739070,2024-07-03,4605.9271776061505,4786.497070612604,4474.969913116583
739071,2024-07-04,4606.653693833388,4787.252069043829,4475.675772791066
739072,2024-07-05,4607.380210060743,4788.007067475173,4476.381632465663
739073,2024-07-06,4608.106726287981,4788.762065906398,4477.087492140146
739074,2024-07-07,4608.833242515218,4789.517064337622,4477.79335181463
739075,2024-07-08,4609.559758742573,4790.272062768968,4478.499211489227
739076,2024-07-09,4610.286274969811,4791.027061200192,4479.20507116371
739077,2024-07-10,4611.0127911970485,4791.782059631417,4479.910930838194
739078,2024-07-11,4611.739307424403,4792.537058062762,4480.61679051279
