FECHA,Viajes,KM,Pasajeros
1/1/2010,286,113982,7206
1/2/2010,565,203794,13269
1/3/2010,631,209298,14224
1/4/2010,587,196046,13541
1/5/2010,579,197072,12920
1/6/2010,586,198078,12512
1/7/2010,576,202385,12659
1/8/2010,597,204008,13571
1/9/2010,601,202986,13357
1/10/2010,608,207049,12616
1/11/2010,639,212958,12966
1/12/2010,594,198772,12495
1/13/2010,566,190731,11627
1/14/2010,547,185470,10968
1/15/2010,563,189432,11481
1/16/2010,587,195058,11969
1/17/2010,629,203816,13016
1/18/2010,556,185173,11227
1/19/2010,495,171670,9706
1/20/2010,518,176694,9122
1/21/2010,515,175181,8861
1/22/2010,558,182949,10457
1/23/2010,549,180046,9800
1/24/2010,569,185004,10818
1/25/2010,542,176253,9345
1/26/2010,493,167376,7885
1/27/2010,492,163572,7315
1/28/2010,476,157563,7499
1/29/2010,536,170913,9511
1/30/2010,511,165879,8822
1/31/2010,494,159793,9311
2/1/2010,469,166163,10703
2/2/2010,370,127110,6621
2/3/2010,409,135210,6598
2/4/2010,421,140861,6682
2/5/2010,476,152930,8261
2/6/2010,491,157497,7799
2/7/2010,489,155912,8726
2/8/2010,454,151407,7278
2/9/2010,428,144543,6375
2/10/2010,440,148916,5953
2/11/2010,440,151000,6109
2/12/2010,486,158441,7739
2/13/2010,478,156032,7184
2/14/2010,472,154051,7945
2/15/2010,462,154766,6755
2/16/2010,430,143132,5720
2/17/2010,424,143833,5670
2/18/2010,431,146421,6054
2/19/2010,513,165835,8338
2/20/2010,498,158748,7122
2/21/2010,506,164152,8197
2/22/2010,464,150392,6768
2/23/2010,425,143237,5820
2/24/2010,427,141231,5766
2/25/2010,436,146461,6185
2/26/2010,469,151423,8041
2/27/2010,490,155270,7251
2/28/2010,494,156762,8214
3/1/2010,323,132062,5339
3/2/2010,244,101636,4426
3/3/2010,353,121516,5347
3/4/2010,384,130109,5612
3/5/2010,502,158647,7899
3/6/2010,475,150360,7021
3/7/2010,481,150924,8184
3/8/2010,421,130572,6555
3/9/2010,413,132420,6088
3/10/2010,417,136447,5886
3/11/2010,444,143606,6078
3/12/2010,505,156338,7428
3/13/2010,458,139147,5906
3/14/2010,357,103170,4870
3/15/2010,447,147666,6529
3/16/2010,424,138286,5661
3/17/2010,446,146487,6068
3/18/2010,465,148344,7228
3/19/2010,564,172420,10997
3/20/2010,556,167089,9189
3/21/2010,481,154727,6555
3/22/2010,579,179197,10972
3/23/2010,473,150923,7329
3/24/2010,437,143189,6632
3/25/2010,470,154382,8029
3/26/2010,590,192965,12726
3/27/2010,634,200629,13982
3/28/2010,588,188972,11563
3/29/2010,579,187314,11158
3/30/2010,621,196374,12732
3/31/2010,673,210993,14710
4/1/2010,533,156053,8501
4/2/2010,309,97508,6766
4/3/2010,629,210630,13512
4/4/2010,729,221425,15868
4/5/2010,611,186441,12575
4/6/2010,470,154722,8198
4/7/2010,440,147145,6836
4/8/2010,465,154517,6599
4/9/2010,481,149576,7675
4/10/2010,509,159911,7214
4/11/2010,517,162860,7958
4/12/2010,480,154890,6942
4/13/2010,466,148679,6188
4/14/2010,419,137171,5602
4/15/2010,472,150652,6445
4/16/2010,508,157961,8036
4/17/2010,496,155859,7092
4/18/2010,534,164146,8210
4/19/2010,491,153487,7013
4/20/2010,465,149725,6371
4/21/2010,462,147749,6056
